"","Region","Item Code","Model","Yearmonth","model","Volume","Category","var","sigma","low80","high80","low90","high90"
"1","ADE","1234","ETS",2024 May,N(756, 156508),756.214023809337,"High",156508,395.61091997062,249.040824407003,1263.38722321167,105.434060457668,1406.99398716101
"2","ADE","1234","ETS",2024 Jun,N(756, 156508),756.214023809337,"High",156508,395.61091997062,249.040824407003,1263.38722321167,105.434060457668,1406.99398716101
"3","ADE","1234","ETS",2024 Jul,N(756, 156508),756.214023809337,"High",156508,395.61091997062,249.040824407003,1263.38722321167,105.434060457668,1406.99398716101
"4","ADE","1234","ETS",2024 Aug,N(756, 156508),756.214023809337,"High",156508,395.61091997062,249.040824407003,1263.38722321167,105.434060457668,1406.99398716101
"5","ADE","1234","ETS",2024 Sep,N(756, 156508),756.214023809337,"High",156508,395.61091997062,249.040824407003,1263.38722321167,105.434060457668,1406.99398716101
"6","ADE","1234","ETS",2024 Oct,N(756, 156508),756.214023809337,"High",156508,395.61091997062,249.040824407003,1263.38722321167,105.434060457668,1406.99398716101
"7","ADE","1234","ARIMA",2024 May,N(756, 152767),756.279069767442,"High",152767,390.854192762467,255.203994645959,1257.35414488893,113.323922673183,1399.2342168617
"8","ADE","1234","ARIMA",2024 Jun,N(756, 152767),756.279069767442,"High",152767,390.854192762467,255.203994645959,1257.35414488893,113.323922673183,1399.2342168617
"9","ADE","1234","ARIMA",2024 Jul,N(756, 152767),756.279069767442,"High",152767,390.854192762467,255.203994645959,1257.35414488893,113.323922673183,1399.2342168617
"10","ADE","1234","ARIMA",2024 Aug,N(756, 152767),756.279069767442,"High",152767,390.854192762467,255.203994645959,1257.35414488893,113.323922673183,1399.2342168617
"11","ADE","1234","ARIMA",2024 Sep,N(756, 152767),756.279069767442,"High",152767,390.854192762467,255.203994645959,1257.35414488893,113.323922673183,1399.2342168617
"12","ADE","1234","ARIMA",2024 Oct,N(756, 152767),756.279069767442,"High",152767,390.854192762467,255.203994645959,1257.35414488893,113.323922673183,1399.2342168617
"13","ADE","1238","ETS",2024 May,N(1447, 1134131),1446.64964440375,"High",1134131,1064.9558676302,81.3762221018258,2811.92306670567,-305.202757847938,3198.50204665543
"14","ADE","1238","ETS",2024 Jun,N(1447, 1134131),1446.64964440375,"High",1134131,1064.9558676302,81.3762221018258,2811.92306670567,-305.202757847938,3198.50204665543
"15","ADE","1238","ETS",2024 Jul,N(1447, 1134131),1446.64964440375,"High",1134131,1064.9558676302,81.3762221018258,2811.92306670567,-305.202757847938,3198.50204665543
"16","ADE","1238","ETS",2024 Aug,N(1447, 1134131),1446.64964440375,"High",1134131,1064.9558676302,81.3762221018258,2811.92306670567,-305.202757847938,3198.50204665543
"17","ADE","1238","ETS",2024 Sep,N(1447, 1134131),1446.64964440375,"High",1134131,1064.9558676302,81.3762221018258,2811.92306670567,-305.202757847938,3198.50204665543
"18","ADE","1238","ETS",2024 Oct,N(1447, 1134131),1446.64964440375,"High",1134131,1064.9558676302,81.3762221018258,2811.92306670567,-305.202757847938,3198.50204665543
"19","ADE","1238","ARIMA",2024 May,N(1446, 1107016),1445.58139534884,"High",1107016,1052.14827852352,96.7273022816894,2794.43548841599,-285.202522822347,3176.36531352002
"20","ADE","1238","ARIMA",2024 Jun,N(1446, 1107016),1445.58139534884,"High",1107016,1052.14827852352,96.7273022816894,2794.43548841599,-285.202522822347,3176.36531352002
"21","ADE","1238","ARIMA",2024 Jul,N(1446, 1107016),1445.58139534884,"High",1107016,1052.14827852352,96.7273022816894,2794.43548841599,-285.202522822347,3176.36531352002
"22","ADE","1238","ARIMA",2024 Aug,N(1446, 1107016),1445.58139534884,"High",1107016,1052.14827852352,96.7273022816894,2794.43548841599,-285.202522822347,3176.36531352002
"23","ADE","1238","ARIMA",2024 Sep,N(1446, 1107016),1445.58139534884,"High",1107016,1052.14827852352,96.7273022816894,2794.43548841599,-285.202522822347,3176.36531352002
"24","ADE","1238","ARIMA",2024 Oct,N(1446, 1107016),1445.58139534884,"High",1107016,1052.14827852352,96.7273022816894,2794.43548841599,-285.202522822347,3176.36531352002
"25","ADE","1239","ETS",2024 May,N(237, 8549),236.803519692714,"Middle",8549,92.4608025057105,118.268770880393,355.338268505035,84.70549957082,388.901539814608
"26","ADE","1239","ETS",2024 Jun,N(242, 8549),242.118985128771,"Middle",8549,92.4608025057105,123.584236316451,360.653733941092,90.0209650068776,394.217005250665
"27","ADE","1239","ETS",2024 Jul,N(247, 8549),247.434450564829,"Middle",8549,92.4608025057105,128.899701752508,365.96919937715,95.3364304429352,399.532470686723
"28","ADE","1239","ETS",2024 Aug,N(253, 8549),252.749916000887,"Middle",8549,92.4608025057105,134.215167188566,371.284664813207,100.651895878993,404.84793612278
"29","ADE","1239","ETS",2024 Sep,N(258, 8549),258.065381436944,"Middle",8549,92.4608025057105,139.530632624623,376.600130249265,105.96736131505,410.163401558838
"30","ADE","1239","ETS",2024 Oct,N(263, 8549),263.380846873002,"Middle",8549,92.4608025057105,144.846098060681,381.915595685323,111.282826751108,415.478866994895
"31","ADE","1239","ARIMA",2024 May,N(235, 9446),234.674720333349,"Middle",9446,97.1905345185425,110.076455080578,359.272985586121,74.7962910503467,394.553149616351
"32","ADE","1239","ARIMA",2024 Jun,N(235, 10115),234.674720333349,"Middle",10115,100.573356312693,105.739677540476,363.609763126222,69.2315491989683,400.11789146773
"33","ADE","1239","ARIMA",2024 Jul,N(235, 10784),234.674720333349,"Middle",10784,103.846039885977,101.544097199526,367.805343467172,63.8479847209163,405.501455945782
"34","ADE","1239","ARIMA",2024 Aug,N(235, 11453),234.674720333349,"Middle",11453,107.018689956474,97.4767598091489,371.872680857549,58.6289753549487,410.72046531175
"35","ADE","1239","ARIMA",2024 Sep,N(235, 12122),234.674720333349,"Middle",12122,110.09995458673,93.5265785531613,375.822862113537,53.5602950381783,415.78914562852
"36","ADE","1239","ARIMA",2024 Oct,N(235, 12791),234.674720333349,"Middle",12791,113.09730323929,89.6839775805788,379.665463086119,48.6296565047164,420.719784161982
"37","ADE","1246","ETS",2024 May,N(89, 7317),89.1688687977257,"Middle",7317,85.5394645762995,-20.4927247890903,198.830462384542,-51.5435504302871,229.881288025738
"38","ADE","1246","ETS",2024 Jun,N(89, 7434),89.1688687977257,"Middle",7434,86.2206471791995,-21.3660008860081,199.703738481459,-52.6640958120575,231.001833407509
"39","ADE","1246","ETS",2024 Jul,N(89, 7550),89.1688687977257,"Middle",7550,86.8907359849138,-22.2250547349339,200.562792330385,-53.7663918974576,232.104129492909
"40","ADE","1246","ETS",2024 Aug,N(89, 7667),89.1688687977257,"Middle",7667,87.561407023871,-23.0848550068769,201.422592602328,-54.8696457565421,233.207383351993
"41","ADE","1246","ETS",2024 Sep,N(89, 7783),89.1688687977257,"Middle",7783,88.2213126177569,-23.9308539782387,202.26859157369,-55.9551904584845,234.292928053936
"42","ADE","1246","ETS",2024 Oct,N(89, 7900),89.1688687977257,"Middle",7900,88.8819441731559,-24.7777836322602,203.115521227711,-57.0419293671158,235.379666962567
"43","ADE","1246","ARIMA",2024 May,N(83, 6351),83.4425756017204,"Middle",6351,79.6931615635871,-18.7240575227983,185.609208726239,-47.6526751703804,214.537826373821
"44","ADE","1246","ARIMA",2024 Jun,N(75, 6865),74.9056913972902,"Middle",6865,82.8552955459094,-31.3147974925657,181.126180287146,-61.3912697757308,211.202652570311
"45","ADE","1246","ARIMA",2024 Jul,N(86, 7301),85.7229413033458,"Middle",7301,85.4458893101359,-23.8186887922485,195.26457139894,-54.8355466118278,226.281429218519
"46","ADE","1246","ARIMA",2024 Aug,N(86, 7301),85.7229413033458,"Middle",7301,85.4458893101359,-23.8186887922485,195.26457139894,-54.8355466118278,226.281429218519
"47","ADE","1246","ARIMA",2024 Sep,N(86, 7301),85.7229413033458,"Middle",7301,85.4458893101359,-23.8186887922485,195.26457139894,-54.8355466118278,226.281429218519
"48","ADE","1246","ARIMA",2024 Oct,N(86, 7301),85.7229413033458,"Middle",7301,85.4458893101359,-23.8186887922485,195.26457139894,-54.8355466118278,226.281429218519
"49","ADE","1247","ETS",2024 May,N(107, 5208),107.48374439028,"Middle",5208,72.1664742106749,14.9663244521944,200.001164328365,-11.2301056862806,226.19759446684
"50","ADE","1247","ETS",2024 Jun,N(107, 5280),107.48374439028,"Middle",5280,72.6636084983398,14.3289982954079,200.638490485151,-12.0478915894894,227.015380370048
"51","ADE","1247","ETS",2024 Jul,N(107, 5352),107.48374439028,"Middle",5352,73.1573646326875,13.6960029311741,201.271485849385,-12.8601204304914,227.827609211051
"52","ADE","1247","ETS",2024 Aug,N(107, 5424),107.48374439028,"Middle",5424,73.6478105580879,13.0672512548109,201.900237525748,-13.666903977775,228.634392758334
"53","ADE","1247","ETS",2024 Sep,N(107, 5497),107.48374439028,"Middle",5497,74.1417561162399,12.43401304926,202.533475731299,-14.4794444209351,229.446933201494
"54","ADE","1247","ETS",2024 Oct,N(107, 5569),107.48374439028,"Middle",5569,74.6257328272225,11.8135549057803,203.153933874779,-15.2755861105015,230.243074891061
"55","ADE","1247","ARIMA",2024 May,N(88, 5095),88.2558139534884,"Middle",5095,71.3792686989717,-3.25240851859334,179.76403642557,-29.1630830563201,205.674710963297
"56","ADE","1247","ARIMA",2024 Jun,N(88, 5095),88.2558139534884,"Middle",5095,71.3792686989717,-3.25240851859334,179.76403642557,-29.1630830563201,205.674710963297
"57","ADE","1247","ARIMA",2024 Jul,N(88, 5095),88.2558139534884,"Middle",5095,71.3792686989717,-3.25240851859334,179.76403642557,-29.1630830563201,205.674710963297
"58","ADE","1247","ARIMA",2024 Aug,N(88, 5095),88.2558139534884,"Middle",5095,71.3792686989717,-3.25240851859334,179.76403642557,-29.1630830563201,205.674710963297
"59","ADE","1247","ARIMA",2024 Sep,N(88, 5095),88.2558139534884,"Middle",5095,71.3792686989717,-3.25240851859334,179.76403642557,-29.1630830563201,205.674710963297
"60","ADE","1247","ARIMA",2024 Oct,N(88, 5095),88.2558139534884,"Middle",5095,71.3792686989717,-3.25240851859334,179.76403642557,-29.1630830563201,205.674710963297
"61","ADE","1258","ETS",2024 May,N(1.5, 40),1.46750830932134,"Low",40,6.32455532033676,-6.64057161135038,9.57558822999307,-8.93638519263262,11.8714018112753
"62","ADE","1258","ETS",2024 Jun,N(1.5, 48),1.46750830932134,"Low",48,6.92820323027551,-7.41444823189186,10.3494648505345,-9.92938600448187,12.8644026231246
"63","ADE","1258","ETS",2024 Jul,N(1.5, 56),1.46750830932134,"Low",56,7.48331477354788,-8.12610123036704,11.0611178490097,-10.8425444931649,13.7775611118076
"64","ADE","1258","ETS",2024 Aug,N(1.5, 65),1.46750830932134,"Low",65,8.06225774829855,-8.8683061239974,11.8033227426401,-11.7949056866298,14.7299223052725
"65","ADE","1258","ETS",2024 Sep,N(1.5, 73),1.46750830932134,"Low",73,8.54400374531753,-9.48590449217573,12.4209211108184,-12.587377851726,15.5223944703687
"66","ADE","1258","ETS",2024 Oct,N(1.5, 81),1.46750830932134,"Low",81,9,-10.0704916906787,13.0055083093213,-13.3374916906787,16.2725083093213
"67","ADE","1258","ARIMA",2024 May,N(0.87, 34),0.868765796186459,"Low",34,5.8309518948453,-6.60651453300522,8.34404612537814,-8.72315007083406,10.460681663207
"68","ADE","1258","ARIMA",2024 Jun,N(1.3, 37),1.27643360506796,"Low",37,6.08276253029822,-6.52166795877435,9.07453516891028,-8.72971075727261,11.2825779674085
"69","ADE","1258","ARIMA",2024 Jul,N(0.67, 43),0.666425186209935,"Low",43,6.557438524302,-7.74021100194523,9.0730613743651,-10.1205611862669,11.4534115586867
"70","ADE","1258","ARIMA",2024 Aug,N(0.63, 45),0.629039676306973,"Low",45,6.70820393249937,-7.97087776515722,9.22895711777116,-10.4059557926545,11.6640351452684
"71","ADE","1258","ARIMA",2024 Sep,N(0.41, 46),0.4098244326384,"Low",46,6.78232998312527,-8.28512260572819,9.10477147100499,-10.7471083896027,11.5667572548795
"72","ADE","1258","ARIMA",2024 Oct,N(0.33, 47),0.333570697395029,"Low",47,6.85565460040104,-8.45537850031911,9.12251989510917,-10.9439811202647,11.6111225150547
"73","ADE","1259","ETS",2024 May,N(48, 3111),47.6127406440766,"Low",3111,55.7763390695374,-23.8925260430703,119.118007331224,-44.1393371253123,139.364818413466
"74","ADE","1259","ETS",2024 Jun,N(48, 3111),47.6127406440766,"Low",3111,55.7763390695374,-23.8925260430703,119.118007331224,-44.1393371253123,139.364818413466
"75","ADE","1259","ETS",2024 Jul,N(48, 3111),47.6127406440766,"Low",3111,55.7763390695374,-23.8925260430703,119.118007331224,-44.1393371253123,139.364818413466
"76","ADE","1259","ETS",2024 Aug,N(48, 3111),47.6127406440766,"Low",3111,55.7763390695374,-23.8925260430703,119.118007331224,-44.1393371253123,139.364818413466
"77","ADE","1259","ETS",2024 Sep,N(48, 3111),47.6127406440766,"Low",3111,55.7763390695374,-23.8925260430703,119.118007331224,-44.1393371253123,139.364818413466
"78","ADE","1259","ETS",2024 Oct,N(48, 3111),47.6127406440766,"Low",3111,55.7763390695374,-23.8925260430703,119.118007331224,-44.1393371253123,139.364818413466
"79","ADE","1259","ARIMA",2024 May,N(48, 3037),47.5813953487812,"Low",3037,55.1089829338194,-23.0683207723753,118.231111469938,-43.0728815773517,138.235672274914
"80","ADE","1259","ARIMA",2024 Jun,N(48, 3037),47.5813953487812,"Low",3037,55.1089829338194,-23.0683207723753,118.231111469938,-43.0728815773517,138.235672274914
"81","ADE","1259","ARIMA",2024 Jul,N(48, 3037),47.5813953487812,"Low",3037,55.1089829338194,-23.0683207723753,118.231111469938,-43.0728815773517,138.235672274914
"82","ADE","1259","ARIMA",2024 Aug,N(48, 3037),47.5813953487812,"Low",3037,55.1089829338194,-23.0683207723753,118.231111469938,-43.0728815773517,138.235672274914
"83","ADE","1259","ARIMA",2024 Sep,N(48, 3037),47.5813953487812,"Low",3037,55.1089829338194,-23.0683207723753,118.231111469938,-43.0728815773517,138.235672274914
"84","ADE","1259","ARIMA",2024 Oct,N(48, 3037),47.5813953487812,"Low",3037,55.1089829338194,-23.0683207723753,118.231111469938,-43.0728815773517,138.235672274914
"85","ADE","1260","ETS",2024 May,N(2.5e-06, 11),2.53671663640792e-06,"Low",11,3.3166247903554,-4.25191044451899,4.25191551795226,-5.455845243418,5.45585031685127
"86","ADE","1260","ETS",2024 Jun,N(2.5e-06, 18),2.53671663640792e-06,"Low",18,4.24264068711928,-5.43906282417029,5.43906789760356,-6.97914139359459,6.97914646702786
"87","ADE","1260","ETS",2024 Jul,N(2.5e-06, 25),2.53671663640792e-06,"Low",25,5,-6.40999746328336,6.41000253671664,-8.22499746328336,8.22500253671664
"88","ADE","1260","ETS",2024 Aug,N(2.5e-06, 32),2.53671663640792e-06,"Low",32,5.65685424949238,-7.2520846111326,7.25208968456587,-9.30552270369833,9.3055277771316
"89","ADE","1260","ETS",2024 Sep,N(2.5e-06, 39),2.53671663640792e-06,"Low",39,6.2449979983984,-8.00608489723011,8.00608997066338,-10.2730191706487,10.273024244082
"90","ADE","1260","ETS",2024 Oct,N(2.5e-06, 45),2.53671663640792e-06,"Low",45,6.70820393249937,-8.59991490474756,8.59991997818083,-11.0349929322448,11.0349980056781
"91","ADE","1260","ARIMA",2024 May,N(1, 7.5),1.04393717466078,"Low",7.5,2.73861278752583,-2.46696441894734,4.55483876826889,-3.46108086081921,5.54895521014077
"92","ADE","1260","ARIMA",2024 Jun,N(3.1, 11),3.13181152398234,"Low",11,3.3166247903554,-1.12010145725329,7.38372450521796,-2.3240362561523,8.58765930411697
"93","ADE","1260","ARIMA",2024 Jul,N(0, 13),0,"Low",13,3.60555127546399,-4.62231673514483,4.62231673514483,-5.93113184813826,5.93113184813826
"94","ADE","1260","ARIMA",2024 Aug,N(0.52, 13),0.521968587330389,"Low",13,3.60555127546399,-4.10034814781445,5.14428532247522,-5.40916326080787,6.45310043546865
"95","ADE","1260","ARIMA",2024 Sep,N(0, 14),0,"Low",14,3.74165738677394,-4.79680476984419,4.79680476984419,-6.15502640124313,6.15502640124313
"96","ADE","1260","ARIMA",2024 Oct,N(0, 14),0,"Low",14,3.74165738677394,-4.79680476984419,4.79680476984419,-6.15502640124313,6.15502640124313
"97","ADE","1271","ETS",2024 May,N(1220, 674955),1219.7316121768,"High",674955,821.556449673423,166.496243695469,2272.96698065813,-131.728747535984,2571.19197188958
"98","ADE","1271","ETS",2024 Jun,N(1220, 710467),1219.7316121768,"High",710467,842.892045282194,139.144010125025,2300.31921422857,-166.825802312411,2606.28902666601
"99","ADE","1271","ETS",2024 Jul,N(1220, 745978),1219.7316121768,"High",745978,863.700179460442,112.467982108511,2326.99524224508,-201.05518303563,2640.51840738923
"100","ADE","1271","ETS",2024 Aug,N(1220, 781490),1219.7316121768,"High",781490,884.01923056006,86.4189585988011,2353.04426575479,-234.480022094501,2673.9432464481
"101","ADE","1271","ETS",2024 Sep,N(1220, 817002),1219.7316121768,"High",817002,903.881629418366,60.9553632624527,2378.50786109114,-267.153668216414,2706.61689257001
"102","ADE","1271","ETS",2024 Oct,N(1220, 852514),1219.7316121768,"High",852514,923.316847024899,36.0394142908776,2403.42381006272,-299.124601179161,2738.58782553276
"103","ADE","1271","ARIMA",2024 May,N(1206, 675406),1206.1450564991,"High",675406,821.830882846343,152.557864690085,2259.73224830811,-145.766745783138,2558.05685878133
"104","ADE","1271","ARIMA",2024 Jun,N(1206, 716121),1206.1450564991,"High",716121,846.239327849988,121.266238195412,2291.02387480278,-185.918637814134,2598.20875081233
"105","ADE","1271","ARIMA",2024 Jul,N(1206, 756837),1206.1450564991,"High",756837,869.963792350003,90.8514747063925,2321.4386382918,-224.945381916659,2637.23549491485
"106","ADE","1271","ARIMA",2024 Aug,N(1206, 8e+05),1206.1450564991,"High",8e+05,894.427190999916,59.489397637205,2352.80071536099,-265.187672695765,2677.47778569396
"107","ADE","1271","ARIMA",2024 Sep,N(1206, 838267),1206.1450564991,"High",838267,915.569221850538,32.3853140867072,2379.90479891149,-299.966313445038,2712.25642644323
"108","ADE","1271","ARIMA",2024 Oct,N(1206, 878982),1206.1450564991,"High",878982,937.540399129552,4.21826481501125,2408.07184818318,-336.108900069016,2748.39901306721
"109","ADE","1272","ETS",2024 May,N(251, 17205),251.218378110297,"Middle",17205,131.16783142219,83.0612182270495,419.375537993544,35.4472954207946,466.989460799799
"110","ADE","1272","ETS",2024 Jun,N(251, 20923),251.218378110297,"Middle",20923,144.647848238403,65.7798366686645,436.656919551929,13.2726677581243,489.164088462469
"111","ADE","1272","ETS",2024 Jul,N(251, 24641),251.218378110297,"Middle",24641,156.974520225417,49.9770431813116,452.459713039282,-7.0047076605149,509.441463881109
"112","ADE","1272","ETS",2024 Aug,N(251, 28360),251.218378110297,"Middle",28360,168.404275480167,35.3240969447227,467.112659275871,-25.806655054578,528.243411275172
"113","ADE","1272","ETS",2024 Sep,N(251, 32078),251.218378110297,"Middle",32078,179.103322135576,21.6079191324881,480.828837088106,-43.4065868027261,545.84334302332
"114","ADE","1272","ETS",2024 Oct,N(251, 35796),251.218378110297,"Middle",35796,189.198308660516,8.6661464075149,493.770609813079,-60.0128396362525,562.449595856846
"115","ADE","1272","ARIMA",2024 May,N(219, 14764),219.161555231408,"Middle",14764,121.507201432672,63.3893229947217,374.933787468093,19.2822088746616,419.040901588153
"116","ADE","1272","ARIMA",2024 Jun,N(183, 22714),183.036252435328,"Middle",22714,150.71164520368,-10.1760767157904,376.248581586446,-64.8844039247263,430.956908795382
"117","ADE","1272","ARIMA",2024 Jul,N(205, 36500),204.892262910732,"Middle",36500,191.049731745428,-40.0334931869065,449.818019008371,-109.384545810497,519.169071631961
"118","ADE","1272","ARIMA",2024 Aug,N(126, 45100),125.792934802776,"Middle",45100,212.367605815953,-146.462335853276,398.048205458828,-223.551776764467,475.137646370018
"119","ADE","1272","ARIMA",2024 Sep,N(62, 58162),62.0901451431829,"Middle",58162,241.167991242619,-247.087219629855,371.267509916221,-334.631200450926,458.811490737291
"120","ADE","1272","ARIMA",2024 Oct,N(140, 67275),140.153970787103,"Middle",67275,259.374246986859,-192.36381385005,472.671755424256,-286.51666550628,566.824607080485
"121","BRI","1234","ETS",2024 May,N(5125, 4943118),5125.14516298808,"High",4943118,2223.31239370449,2274.85867425892,7975.43165171724,1467.79627534419,8782.49405063197
"122","BRI","1234","ETS",2024 Jun,N(5125, 4943118),5125.14516298808,"High",4943118,2223.31239370449,2274.85867425892,7975.43165171724,1467.79627534419,8782.49405063197
"123","BRI","1234","ETS",2024 Jul,N(5125, 4943118),5125.14516298808,"High",4943118,2223.31239370449,2274.85867425892,7975.43165171724,1467.79627534419,8782.49405063197
"124","BRI","1234","ETS",2024 Aug,N(5125, 4943118),5125.14516298808,"High",4943118,2223.31239370449,2274.85867425892,7975.43165171724,1467.79627534419,8782.49405063197
"125","BRI","1234","ETS",2024 Sep,N(5125, 4943118),5125.14516298808,"High",4943118,2223.31239370449,2274.85867425892,7975.43165171724,1467.79627534419,8782.49405063197
"126","BRI","1234","ETS",2024 Oct,N(5125, 4943118),5125.14516298808,"High",4943118,2223.31239370449,2274.85867425892,7975.43165171724,1467.79627534419,8782.49405063197
"127","BRI","1234","ARIMA",2024 May,N(5128, 4824355),5128.30232558139,"High",4824355,2196.44144014813,2312.46439931149,7944.1402518513,1515.15615653772,8741.44849462507
"128","BRI","1234","ARIMA",2024 Jun,N(5128, 4824355),5128.30232558139,"High",4824355,2196.44144014813,2312.46439931149,7944.1402518513,1515.15615653772,8741.44849462507
"129","BRI","1234","ARIMA",2024 Jul,N(5128, 4824355),5128.30232558139,"High",4824355,2196.44144014813,2312.46439931149,7944.1402518513,1515.15615653772,8741.44849462507
"130","BRI","1234","ARIMA",2024 Aug,N(5128, 4824355),5128.30232558139,"High",4824355,2196.44144014813,2312.46439931149,7944.1402518513,1515.15615653772,8741.44849462507
"131","BRI","1234","ARIMA",2024 Sep,N(5128, 4824355),5128.30232558139,"High",4824355,2196.44144014813,2312.46439931149,7944.1402518513,1515.15615653772,8741.44849462507
"132","BRI","1234","ARIMA",2024 Oct,N(5128, 4824355),5128.30232558139,"High",4824355,2196.44144014813,2312.46439931149,7944.1402518513,1515.15615653772,8741.44849462507
"133","BRI","1238","ETS",2024 May,N(4620, 4677209),4619.77360726265,"High",4677209,2162.6855989718,1847.21066938081,7392.33654514449,1062.15579695404,8177.39141757126
"134","BRI","1238","ETS",2024 Jun,N(4620, 4677209),4619.77360726265,"High",4677209,2162.6855989718,1847.21066938081,7392.33654514449,1062.15579695404,8177.39141757126
"135","BRI","1238","ETS",2024 Jul,N(4620, 4677209),4619.77360726265,"High",4677209,2162.6855989718,1847.21066938081,7392.33654514449,1062.15579695404,8177.39141757126
"136","BRI","1238","ETS",2024 Aug,N(4620, 4677209),4619.77360726265,"High",4677209,2162.6855989718,1847.21066938081,7392.33654514449,1062.15579695404,8177.39141757126
"137","BRI","1238","ETS",2024 Sep,N(4620, 4677209),4619.77360726265,"High",4677209,2162.6855989718,1847.21066938081,7392.33654514449,1062.15579695404,8177.39141757126
"138","BRI","1238","ETS",2024 Oct,N(4620, 4677209),4619.77360726265,"High",4677209,2162.6855989718,1847.21066938081,7392.33654514449,1062.15579695404,8177.39141757126
"139","BRI","1238","ARIMA",2024 May,N(4875, 4163877),4875.23771384068,"High",4163877,2040.55801191733,2259.24234256267,7491.2330851187,1518.51978423668,8231.95564344469
"140","BRI","1238","ARIMA",2024 Jun,N(4653, 4829295),4652.90564687015,"High",4829295,2197.56569867661,1835.62642116674,7470.18487257356,1037.91007254713,8267.90122119317
"141","BRI","1238","ARIMA",2024 Jul,N(4653, 4829295),4652.90564687015,"High",4829295,2197.56569867661,1835.62642116674,7470.18487257356,1037.91007254713,8267.90122119317
"142","BRI","1238","ARIMA",2024 Aug,N(4653, 4829295),4652.90564687015,"High",4829295,2197.56569867661,1835.62642116674,7470.18487257356,1037.91007254713,8267.90122119317
"143","BRI","1238","ARIMA",2024 Sep,N(4653, 4829295),4652.90564687015,"High",4829295,2197.56569867661,1835.62642116674,7470.18487257356,1037.91007254713,8267.90122119317
"144","BRI","1238","ARIMA",2024 Oct,N(4653, 4829295),4652.90564687015,"High",4829295,2197.56569867661,1835.62642116674,7470.18487257356,1037.91007254713,8267.90122119317
"145","BRI","1239","ETS",2024 May,N(736, 70897),735.998353849308,"Middle",70897,266.264905686048,394.646744759794,1077.34996293882,297.992583995759,1174.00412370286
"146","BRI","1239","ETS",2024 Jun,N(753, 70897),753.262123857997,"Middle",70897,266.264905686048,411.910514768484,1094.61373294751,315.256354004448,1191.26789371155
"147","BRI","1239","ETS",2024 Jul,N(771, 70897),770.525893866687,"Middle",70897,266.264905686048,429.174284777173,1111.8775029562,332.520124013138,1208.53166372024
"148","BRI","1239","ETS",2024 Aug,N(788, 70897),787.789663875376,"Middle",70897,266.264905686048,446.438054785863,1129.14127296489,349.783894021827,1225.79543372892
"149","BRI","1239","ETS",2024 Sep,N(805, 70897),805.053433884066,"Middle",70897,266.264905686048,463.701824794552,1146.40504297358,367.047664030517,1243.05920373761
"150","BRI","1239","ETS",2024 Oct,N(822, 70897),822.317203892755,"Middle",70897,266.264905686048,480.965594803242,1163.66881298227,384.311434039206,1260.3229737463
"151","BRI","1239","ARIMA",2024 May,N(650, 78958),649.533587788482,"Middle",78958,280.994661871004,289.298431269855,1009.76874430711,187.29736901068,1111.76980656628
"152","BRI","1239","ARIMA",2024 Jun,N(650, 84576),649.533587788482,"Middle",84576,290.819531668697,276.702948189213,1022.36422738775,171.135458193476,1127.93171738349
"153","BRI","1239","ARIMA",2024 Jul,N(650, 90195),649.533587788482,"Middle",90195,300.324824148787,264.517163229737,1034.55001234723,155.499252063727,1143.56792351324
"154","BRI","1239","ARIMA",2024 Aug,N(650, 95814),649.533587788482,"Middle",95814,309.538365958083,252.70540263022,1046.36177294674,140.342975787436,1158.72419978953
"155","BRI","1239","ARIMA",2024 Sep,N(650, 1e+05),649.533587788482,"Middle",1e+05,316.227766016838,244.129591754896,1054.93758382207,129.338912690784,1169.72826288618
"156","BRI","1239","ARIMA",2024 Oct,N(650, 107052),649.533587788482,"Middle",107052,327.188019340562,230.078546993882,1068.98862858308,111.309295973258,1187.75787960371
"157","BRI","1246","ETS",2024 May,N(785, 814162),785.13742520973,"Middle",814162,902.309259622221,-371.623045625957,1941.89789604542,-699.161306868823,2269.43615728828
"158","BRI","1246","ETS",2024 Jun,N(785, 935244),785.13742520973,"Middle",935244,967.080141456746,-454.659316137819,2024.93416655728,-805.709407486617,2375.98425790608
"159","BRI","1246","ETS",2024 Jul,N(785, 1056327),785.13742520973,"Middle",1056327,1027.7776996997,-532.473585805282,2102.74843622474,-905.556890796271,2475.83174121573
"160","BRI","1246","ETS",2024 Aug,N(785, 1177409),785.13742520973,"Middle",1177409,1085.08478931372,-605.941274690459,2176.21612510992,-999.827053211339,2570.1019036308
"161","BRI","1246","ETS",2024 Sep,N(785, 1298492),785.13742520973,"Middle",1298492,1139.51393146376,-675.719434926813,2245.99428534627,-1089.36299204816,2659.63784246762
"162","BRI","1246","ETS",2024 Oct,N(785, 1419574),785.13742520973,"Middle",1419574,1191.45876974405,-742.31271760214,2312.5875680216,-1174.81225101923,2745.08710143869
"163","BRI","1246","ARIMA",2024 May,N(49, 715112),48.9732840868322,"Middle",715112,845.642950659438,-1035.14097865857,1133.08754683223,-1342.10936974794,1440.05593792161
"164","BRI","1246","ARIMA",2024 Jun,N(826, 913552),826.425062511644,"Middle",913552,955.799142079548,-398.909437634337,2051.75956265762,-745.864526209213,2398.7146512325
"165","BRI","1246","ARIMA",2024 Jul,N(826, 913552),826.425062511644,"Middle",913552,955.799142079548,-398.909437634337,2051.75956265762,-745.864526209213,2398.7146512325
"166","BRI","1246","ARIMA",2024 Aug,N(826, 913552),826.425062511644,"Middle",913552,955.799142079548,-398.909437634337,2051.75956265762,-745.864526209213,2398.7146512325
"167","BRI","1246","ARIMA",2024 Sep,N(826, 913552),826.425062511644,"Middle",913552,955.799142079548,-398.909437634337,2051.75956265762,-745.864526209213,2398.7146512325
"168","BRI","1246","ARIMA",2024 Oct,N(826, 913552),826.425062511644,"Middle",913552,955.799142079548,-398.909437634337,2051.75956265762,-745.864526209213,2398.7146512325
"169","BRI","1247","ETS",2024 May,N(1051, 738506),1050.66671627457,"Middle",738506,859.363718107764,-51.0375703395787,2152.37100288873,-362.986600012697,2464.32003256185
"170","BRI","1247","ETS",2024 Jun,N(1051, 743626),1050.66671627457,"Middle",743626,862.337520927856,-54.8499855549367,2156.18341810409,-367.878505651748,2469.2119382009
"171","BRI","1247","ETS",2024 Jul,N(1051, 748747),1050.66671627457,"Middle",748747,865.301681496113,-58.6500394034422,2159.98347195259,-372.754549786531,2474.08798233568
"172","BRI","1247","ETS",2024 Aug,N(1051, 753868),1050.66671627457,"Middle",753868,868.255722699252,-62.4371202258665,2163.77055277501,-377.613947565695,2478.94738011484
"173","BRI","1247","ETS",2024 Sep,N(1051, 758988),1050.66671627457,"Middle",758988,871.199173553327,-66.2106242207908,2167.54405676994,-382.455924220649,2483.7893567698
"174","BRI","1247","ETS",2024 Oct,N(1051, 764109),1050.66671627457,"Middle",764109,874.133285031522,-69.9721551358368,2171.30558768499,-387.282537602279,2488.61597015143
"175","BRI","1247","ARIMA",2024 May,N(828, 712792),827.93023255814,"Middle",712792,844.270098961227,-254.424034310154,1910.28449942643,-560.894080233079,2216.75454534936
"176","BRI","1247","ARIMA",2024 Jun,N(828, 712792),827.93023255814,"Middle",712792,844.270098961227,-254.424034310154,1910.28449942643,-560.894080233079,2216.75454534936
"177","BRI","1247","ARIMA",2024 Jul,N(828, 712792),827.93023255814,"Middle",712792,844.270098961227,-254.424034310154,1910.28449942643,-560.894080233079,2216.75454534936
"178","BRI","1247","ARIMA",2024 Aug,N(828, 712792),827.93023255814,"Middle",712792,844.270098961227,-254.424034310154,1910.28449942643,-560.894080233079,2216.75454534936
"179","BRI","1247","ARIMA",2024 Sep,N(828, 712792),827.93023255814,"Middle",712792,844.270098961227,-254.424034310154,1910.28449942643,-560.894080233079,2216.75454534936
"180","BRI","1247","ARIMA",2024 Oct,N(828, 712792),827.93023255814,"Middle",712792,844.270098961227,-254.424034310154,1910.28449942643,-560.894080233079,2216.75454534936
"181","BRI","1258","ETS",2024 May,N(67, 13129),67.1955722239068,"Low",13129,114.581848475228,-79.6983575213349,214.089501969148,-121.291568517842,255.682712965656
"182","BRI","1258","ETS",2024 Jun,N(67, 13129),67.1955722239068,"Low",13129,114.581848475228,-79.6983575213349,214.089501969148,-121.291568517842,255.682712965656
"183","BRI","1258","ETS",2024 Jul,N(67, 13129),67.1955722239068,"Low",13129,114.581848475228,-79.6983575213349,214.089501969148,-121.291568517842,255.682712965656
"184","BRI","1258","ETS",2024 Aug,N(67, 13129),67.1955722239068,"Low",13129,114.581848475228,-79.6983575213349,214.089501969148,-121.291568517842,255.682712965656
"185","BRI","1258","ETS",2024 Sep,N(67, 13129),67.1955722239068,"Low",13129,114.581848475228,-79.6983575213349,214.089501969148,-121.291568517842,255.682712965656
"186","BRI","1258","ETS",2024 Oct,N(67, 13129),67.1955722239068,"Low",13129,114.581848475228,-79.6983575213349,214.089501969148,-121.291568517842,255.682712965656
"187","BRI","1258","ARIMA",2024 May,N(67, 12815),67.1860465116279,"Low",12815,113.203356840687,-77.9406569581333,212.312749981389,-119.033475491303,253.405568514559
"188","BRI","1258","ARIMA",2024 Jun,N(67, 12815),67.1860465116279,"Low",12815,113.203356840687,-77.9406569581333,212.312749981389,-119.033475491303,253.405568514559
"189","BRI","1258","ARIMA",2024 Jul,N(67, 12815),67.1860465116279,"Low",12815,113.203356840687,-77.9406569581333,212.312749981389,-119.033475491303,253.405568514559
"190","BRI","1258","ARIMA",2024 Aug,N(67, 12815),67.1860465116279,"Low",12815,113.203356840687,-77.9406569581333,212.312749981389,-119.033475491303,253.405568514559
"191","BRI","1258","ARIMA",2024 Sep,N(67, 12815),67.1860465116279,"Low",12815,113.203356840687,-77.9406569581333,212.312749981389,-119.033475491303,253.405568514559
"192","BRI","1258","ARIMA",2024 Oct,N(67, 12815),67.1860465116279,"Low",12815,113.203356840687,-77.9406569581333,212.312749981389,-119.033475491303,253.405568514559
"193","BRI","1259","ETS",2024 May,N(174, 30535),173.816065826987,"Low",30535,174.742667943465,-50.2040344765349,397.836166130509,-113.635622940013,461.267754593987
"194","BRI","1259","ETS",2024 Jun,N(174, 30535),173.816065826987,"Low",30535,174.742667943465,-50.2040344765349,397.836166130509,-113.635622940013,461.267754593987
"195","BRI","1259","ETS",2024 Jul,N(174, 30535),173.816065826987,"Low",30535,174.742667943465,-50.2040344765349,397.836166130509,-113.635622940013,461.267754593987
"196","BRI","1259","ETS",2024 Aug,N(174, 30535),173.816065826987,"Low",30535,174.742667943465,-50.2040344765349,397.836166130509,-113.635622940013,461.267754593987
"197","BRI","1259","ETS",2024 Sep,N(174, 30535),173.816065826987,"Low",30535,174.742667943465,-50.2040344765349,397.836166130509,-113.635622940013,461.267754593987
"198","BRI","1259","ETS",2024 Oct,N(174, 30535),173.816065826987,"Low",30535,174.742667943465,-50.2040344765349,397.836166130509,-113.635622940013,461.267754593987
"199","BRI","1259","ARIMA",2024 May,N(274, 23333),274.095111016825,"Low",23333,152.751432071847,78.2677751007172,469.922446932932,22.8190052586368,525.371216775013
"200","BRI","1259","ARIMA",2024 Jun,N(258, 23333),258.455157070911,"Low",23333,152.751432071847,62.6278211548035,454.282492987018,7.17905131272315,509.731262829099
"201","BRI","1259","ARIMA",2024 Jul,N(208, 23333),208.407304443987,"Low",23333,152.751432071847,12.5799685278796,404.234640360095,-42.8688013142008,459.683410202175
"202","BRI","1259","ARIMA",2024 Aug,N(227, 23333),227.175249179084,"Low",23333,152.751432071847,31.347913262976,423.002585095191,-24.1008565791043,478.451354937271
"203","BRI","1259","ARIMA",2024 Sep,N(127, 23333),127.079543925236,"Low",23333,152.751432071847,-68.7477919908717,322.906879841343,-124.196561832952,378.355649683424
"204","BRI","1259","ARIMA",2024 Oct,N(133, 23333),133.335525503601,"Low",23333,152.751432071847,-62.4918104125062,329.162861419709,-117.940580254587,384.611631261789
"205","BRI","1260","ETS",2024 May,N(65, 9292),65.308993579888,"Low",9292,96.3950206182871,-58.2694228527561,188.887410012532,-93.2608153371943,223.87880249697
"206","BRI","1260","ETS",2024 Jun,N(65, 9292),65.308993579888,"Low",9292,96.3950206182871,-58.2694228527561,188.887410012532,-93.2608153371943,223.87880249697
"207","BRI","1260","ETS",2024 Jul,N(65, 9292),65.308993579888,"Low",9292,96.3950206182871,-58.2694228527561,188.887410012532,-93.2608153371943,223.87880249697
"208","BRI","1260","ETS",2024 Aug,N(65, 9292),65.308993579888,"Low",9292,96.3950206182871,-58.2694228527561,188.887410012532,-93.2608153371943,223.87880249697
"209","BRI","1260","ETS",2024 Sep,N(65, 9292),65.308993579888,"Low",9292,96.3950206182871,-58.2694228527561,188.887410012532,-93.2608153371943,223.87880249697
"210","BRI","1260","ETS",2024 Oct,N(65, 9292),65.308993579888,"Low",9292,96.3950206182871,-58.2694228527561,188.887410012532,-93.2608153371943,223.87880249697
"211","BRI","1260","ARIMA",2024 May,N(66, 9070),66.1162790697675,"Low",9070,95.236547606473,-55.9769749617309,188.209533101266,-90.5478417428806,222.780399882416
"212","BRI","1260","ARIMA",2024 Jun,N(66, 9070),66.1162790697675,"Low",9070,95.236547606473,-55.9769749617309,188.209533101266,-90.5478417428806,222.780399882416
"213","BRI","1260","ARIMA",2024 Jul,N(66, 9070),66.1162790697675,"Low",9070,95.236547606473,-55.9769749617309,188.209533101266,-90.5478417428806,222.780399882416
"214","BRI","1260","ARIMA",2024 Aug,N(66, 9070),66.1162790697675,"Low",9070,95.236547606473,-55.9769749617309,188.209533101266,-90.5478417428806,222.780399882416
"215","BRI","1260","ARIMA",2024 Sep,N(66, 9070),66.1162790697675,"Low",9070,95.236547606473,-55.9769749617309,188.209533101266,-90.5478417428806,222.780399882416
"216","BRI","1260","ARIMA",2024 Oct,N(66, 9070),66.1162790697675,"Low",9070,95.236547606473,-55.9769749617309,188.209533101266,-90.5478417428806,222.780399882416
"217","BRI","1271","ETS",2024 May,N(6906, 5e+06),6906.46533462038,"High",5e+06,2236.06797749979,4039.82618746565,9773.10448177511,3228.13351163323,10584.7971576075
"218","BRI","1271","ETS",2024 Jun,N(6906, 5785952),6906.46533462038,"High",5785952,2405.40059033833,3822.74177780664,9990.18889143412,2949.58136351382,10863.3493057269
"219","BRI","1271","ETS",2024 Jul,N(6906, 6547097),6906.46533462038,"High",6547097,2558.72956757841,3626.17402898486,10186.7566402559,2697.3551959539,11115.5754732869
"220","BRI","1271","ETS",2024 Aug,N(6906, 7308243),6906.46533462038,"High",7308243,2703.37622243002,3440.7370174651,10372.1936517757,2459.411448723,11353.5192205178
"221","BRI","1271","ETS",2024 Sep,N(6906, 8069389),6906.46533462038,"High",8069389,2840.66699913946,3264.73024172359,10548.2004275172,2233.56812103597,11579.3625482048
"222","BRI","1271","ETS",2024 Oct,N(6906, 8830535),6906.46533462038,"High",8830535,2971.62161117461,3096.84642909453,10716.0842401462,2018.14778423814,11794.7828850026
"223","BRI","1271","ARIMA",2024 May,N(7643, 4735494),7642.74653922438,"High",4735494,2176.11902248016,4852.96195240482,10432.5311260439,4063.03074724452,11222.4623312042
"224","BRI","1271","ARIMA",2024 Jun,N(7184, 5e+06),7183.52651845916,"High",5e+06,2236.06797749979,4316.88737130443,10050.1656656139,3505.194695472,10861.8583414463
"225","BRI","1271","ARIMA",2024 Jul,N(7184, 6394381),7183.52651845916,"High",6394381,2528.71133188429,3941.7185909835,10425.3344459348,3023.79637750951,11343.2566594088
"226","BRI","1271","ARIMA",2024 Aug,N(7184, 7819979),7183.52651845916,"High",7819979,2796.42253602706,3598.51282727247,10768.5402096458,2583.41144669465,11783.6415902237
"227","BRI","1271","ARIMA",2024 Sep,N(7184, 9245577),7183.52651845916,"High",9245577,3040.65404148515,3285.40803727519,11081.6449996431,2181.65062021608,12185.4024167022
"228","BRI","1271","ARIMA",2024 Oct,N(7184, 1.1e+07),7183.52651845916,"High",1.1e+07,3316.6247903554,2931.61353722354,11435.4394996948,1727.67873832453,12639.3742985938
"229","BRI","1272","ETS",2024 May,N(745, 154383),745.312952897241,"Middle",154383,392.91602156186,241.594613254936,1249.03129253955,98.9660974279809,1391.6598083665
"230","BRI","1272","ETS",2024 Jun,N(745, 207986),745.312952897241,"Middle",207986,456.05482126604,160.650672034177,1329.9752337603,-4.89722808539591,1495.52313387988
"231","BRI","1272","ETS",2024 Jul,N(745, 261588),745.312952897241,"Middle",261588,511.45674303894,89.6254083213198,1401.00049747316,-96.0333894018153,1586.6592951963
"232","BRI","1272","ETS",2024 Aug,N(745, 315191),745.312952897241,"Middle",315191,561.418738554388,25.5741300705154,1465.05177572397,-178.220872024727,1668.84677781921
"233","BRI","1272","ETS",2024 Sep,N(745, 368793),745.312952897241,"Middle",368793,607.283294682144,-33.2242308852683,1523.85013667975,-253.668066854887,1744.29397264937
"234","BRI","1272","ETS",2024 Oct,N(745, 422395),745.312952897241,"Middle",422395,649.9192257504,-87.8834945147728,1578.50940030925,-323.804173462168,1814.43007925665
"235","BRI","1272","ARIMA",2024 May,N(868, 145377),867.72220305515,"Middle",145377,381.283359196281,378.916936565518,1356.52746954478,240.511077177268,1494.93332893303
"236","BRI","1272","ARIMA",2024 Jun,N(586, 183136),586.391291706043,"Middle",183136,427.943921559823,37.7671842663502,1135.01539914574,-117.576459259866,1290.35904267195
"237","BRI","1272","ARIMA",2024 Jul,N(724, 264931),724.344958583584,"Middle",264931,514.71448396174,64.4809901446337,1384.20892702253,-122.360367533478,1571.05028470065
"238","BRI","1272","ARIMA",2024 Aug,N(657, 323032),656.697880224166,"Middle",323032,568.359041451792,-71.9384109170313,1385.33417136536,-278.252742964032,1591.64850341236
"239","BRI","1272","ARIMA",2024 Sep,N(690, 392246),689.869359563149,"Middle",392246,626.295457432033,-113.041416864718,1492.78013599102,-340.386667912546,1720.12538703884
"240","BRI","1272","ARIMA",2024 Oct,N(674, 455890),673.603364516175,"Middle",455890,675.196267762197,-191.998250754961,1539.20497978731,-437.094495952639,1784.30122498499
"241","MEL","1234","ETS",2024 May,N(3455, 3496081),3455.29133880435,"High",3496081,1869.78100321936,1058.23209267713,5852.35058493157,379.5015885085,6531.0810891002
"242","MEL","1234","ETS",2024 Jun,N(3455, 3496081),3455.29133880435,"High",3496081,1869.78100321936,1058.23209267713,5852.35058493157,379.5015885085,6531.0810891002
"243","MEL","1234","ETS",2024 Jul,N(3455, 3496081),3455.29133880435,"High",3496081,1869.78100321936,1058.23209267713,5852.35058493157,379.5015885085,6531.0810891002
"244","MEL","1234","ETS",2024 Aug,N(3455, 3496081),3455.29133880435,"High",3496081,1869.78100321936,1058.23209267713,5852.35058493157,379.5015885085,6531.0810891002
"245","MEL","1234","ETS",2024 Sep,N(3455, 3496081),3455.29133880435,"High",3496081,1869.78100321936,1058.23209267713,5852.35058493157,379.5015885085,6531.0810891002
"246","MEL","1234","ETS",2024 Oct,N(3455, 3496081),3455.29133880435,"High",3496081,1869.78100321936,1058.23209267713,5852.35058493157,379.5015885085,6531.0810891002
"247","MEL","1234","ARIMA",2024 May,N(3089, 2816560),3088.83009633988,"High",2816560,1678.26100473079,937.299488275003,5240.36070440475,328.090743557726,5849.56944912202
"248","MEL","1234","ARIMA",2024 Jun,N(3421, 4544305),3421.29473070743,"High",4544305,2131.73755420314,688.407186218998,6154.18227519586,-85.4135459567433,6928.0030073716
"249","MEL","1234","ARIMA",2024 Jul,N(3421, 4544305),3421.29473070743,"High",4544305,2131.73755420314,688.407186218998,6154.18227519586,-85.4135459567433,6928.0030073716
"250","MEL","1234","ARIMA",2024 Aug,N(3421, 4544305),3421.29473070743,"High",4544305,2131.73755420314,688.407186218998,6154.18227519586,-85.4135459567433,6928.0030073716
"251","MEL","1234","ARIMA",2024 Sep,N(3421, 4544305),3421.29473070743,"High",4544305,2131.73755420314,688.407186218998,6154.18227519586,-85.4135459567433,6928.0030073716
"252","MEL","1234","ARIMA",2024 Oct,N(3421, 4544305),3421.29473070743,"High",4544305,2131.73755420314,688.407186218998,6154.18227519586,-85.4135459567433,6928.0030073716
"253","MEL","1238","ETS",2024 May,N(4568, 5493794),4568.23869821883,"High",5493794,2343.88438281414,1563.37891945111,7573.09847698655,712.54888848958,8423.92850794809
"254","MEL","1238","ETS",2024 Jun,N(4514, 5365019),4514.38104334623,"High",5365019,2316.25106583893,1544.94717694072,7483.81490975175,704.148040041187,8324.61404665128
"255","MEL","1238","ETS",2024 Jul,N(4461, 5237771),4460.52338847364,"High",5237771,2288.61770507877,1526.51549056266,7394.53128638462,695.747263619066,8225.29951332821
"256","MEL","1238","ETS",2024 Aug,N(4407, 5112051),4406.66573360104,"High",5112051,2260.98452007085,1508.08357887021,7305.24788833187,687.346198084495,8125.98526911758
"257","MEL","1238","ETS",2024 Sep,N(4353, 5e+06),4352.80807872844,"High",5e+06,2236.06797749979,1486.16893157371,7219.44722588317,674.476255741288,8031.1399017156
"258","MEL","1238","ETS",2024 Oct,N(4299, 4865194),4298.95042385584,"High",4865194,2205.71847705005,1471.21933627768,7126.68151143401,670.54352910851,7927.35731860318
"259","MEL","1238","ARIMA",2024 May,N(5772, 8549811),5771.50069634834,"High",8549811,2924.005984946,2022.92502364757,9520.0763690491,961.510851112175,10581.4905415845
"260","MEL","1238","ARIMA",2024 Jun,N(6589, 8549811),6588.86231616856,"High",8549811,2924.005984946,2840.28664346779,10337.4379888693,1778.8724709324,11398.8521614047
"261","MEL","1238","ARIMA",2024 Jul,N(6718, 8549811),6718.02437254476,"High",8549811,2924.005984946,2969.44869984399,10466.6000452455,1908.03452730859,11528.0142177809
"262","MEL","1238","ARIMA",2024 Aug,N(6091, 8549811),6090.61141200979,"High",8549811,2924.005984946,2342.03573930902,9839.18708471056,1280.62156677363,10900.601257246
"263","MEL","1238","ARIMA",2024 Sep,N(5076, 8549811),5075.52578591055,"High",8549811,2924.005984946,1326.95011320979,8824.10145861132,265.53594067439,9885.51563114671
"264","MEL","1238","ARIMA",2024 Oct,N(6093, 8549571),6092.70388191397,"High",8549571,2923.96494507031,2344.18082233384,9841.2269414941,1282.78154727332,10902.6262165546
"265","MEL","1239","ETS",2024 May,N(930, 110777),930.398969215856,"Middle",110777,332.831789347112,503.708615272859,1357.08932315885,382.890675739857,1477.90726269185
"266","MEL","1239","ETS",2024 Jun,N(952, 110777),952.126343096315,"Middle",110777,332.831789347112,525.435989153318,1378.81669703931,404.618049620316,1499.63463657231
"267","MEL","1239","ETS",2024 Jul,N(974, 110777),973.853716976774,"Middle",110777,332.831789347112,547.163363033777,1400.54407091977,426.345423500775,1521.36201045277
"268","MEL","1239","ETS",2024 Aug,N(996, 110777),995.581090857233,"Middle",110777,332.831789347112,568.890736914236,1422.27144480023,448.072797381235,1543.08938433323
"269","MEL","1239","ETS",2024 Sep,N(1017, 110777),1017.30846473769,"Middle",110777,332.831789347112,590.618110794695,1443.99881868069,469.800171261694,1564.81675821369
"270","MEL","1239","ETS",2024 Oct,N(1039, 110777),1039.03583861815,"Middle",110777,332.831789347112,612.345484675154,1465.72619256115,491.527545142153,1586.54413209415
"271","MEL","1239","ARIMA",2024 May,N(865, 121421),865.184902668466,"Middle",121421,348.455162108412,418.465384845481,1311.90442049145,291.976161000128,1438.3936443368
"272","MEL","1239","ARIMA",2024 Jun,N(865, 132048),865.184902668466,"Middle",132048,363.384094313441,399.326493758634,1331.0433115783,267.418067522855,1462.95173781408
"273","MEL","1239","ARIMA",2024 Jul,N(865, 142675),865.184902668466,"Middle",142675,377.72344380512,380.943447710302,1349.42635762663,243.829837609043,1486.53996772789
"274","MEL","1239","ARIMA",2024 Aug,N(865, 153302),865.184902668466,"Middle",153302,391.537993047929,363.233195581021,1367.13660975591,221.104904104623,1509.26490123231
"275","MEL","1239","ARIMA",2024 Sep,N(865, 163929),865.184902668466,"Middle",163929,404.881464134875,346.126865647556,1384.24293968938,199.154894166597,1531.21491117034
"276","MEL","1239","ARIMA",2024 Oct,N(865, 174555),865.184902668466,"Middle",174555,417.797797983666,329.568125653407,1400.80167968353,177.907524985336,1552.4622803516
"277","MEL","1246","ETS",2024 May,N(977, 188052),976.518016431021,"Middle",188052,433.649628156188,420.579193134788,1532.45683972725,263.164378114092,1689.87165474795
"278","MEL","1246","ETS",2024 Jun,N(977, 3e+05),976.518016431021,"Middle",3e+05,547.722557505166,274.337697709398,1678.69833515264,75.5144093350223,1877.52162352702
"279","MEL","1246","ETS",2024 Jul,N(977, 4e+05),976.518016431021,"Middle",4e+05,632.455532033676,165.710024363848,1787.32600849819,-63.8713337643763,2016.90736662642
"280","MEL","1246","ETS",2024 Aug,N(977, 511954),976.518016431021,"Middle",511954,715.509608600751,59.2346982048576,1893.80133465718,-200.495289717215,2153.53132257926
"281","MEL","1246","ETS",2024 Sep,N(977, 619921),976.518016431021,"Middle",619921,787.350620752915,-32.8654793742161,1985.90151223626,-318.673754707524,2271.70978756957
"282","MEL","1246","ETS",2024 Oct,N(977, 727888),976.518016431021,"Middle",727888,853.163524771189,-117.237622325644,2070.27365518769,-426.935981817586,2379.97201467963
"283","MEL","1246","ARIMA",2024 May,N(794, 154352),793.908973158705,"Middle",154352,392.87657094818,290.241209203139,1297.57673711427,147.627013948949,1440.19093236846
"284","MEL","1246","ARIMA",2024 Jun,N(673, 2e+05),673.122830757363,"Middle",2e+05,447.213595499958,99.7950013264166,1246.45066018831,-62.5435338400682,1408.78919535479
"285","MEL","1246","ARIMA",2024 Jul,N(609, 210978),608.594430846833,"Middle",210978,459.32341547106,19.7418122129344,1197.44704948073,-146.99258760306,1364.18144929673
"286","MEL","1246","ARIMA",2024 Aug,N(574, 214567),574.120986193079,"Middle",214567,463.213773543059,-19.7190714891225,1167.96104387528,-187.865671285253,1336.10764367141
"287","MEL","1246","ARIMA",2024 Sep,N(556, 215591),555.704004089954,"Middle",215591,464.317779112538,-39.5513887323202,1150.95939691223,-208.098742550172,1319.50675073008
"288","MEL","1246","ARIMA",2024 Oct,N(546, 215883),545.86497485474,"Middle",215883,464.632112536359,-49.7933934168722,1141.52334312635,-218.454850267571,1310.18479997705
"289","MEL","1247","ETS",2024 May,N(571, 70559),571.020058317523,"Middle",70559,265.629441139344,230.483114776884,911.557001858161,134.059627643302,1007.98048899174
"290","MEL","1247","ETS",2024 Jun,N(571, 73570),571.020058317523,"Middle",73570,271.237902956058,223.293066727856,918.747049907189,124.833707954807,1017.20640868024
"291","MEL","1247","ETS",2024 Jul,N(571, 76581),571.020058317523,"Middle",76581,276.732723037952,216.248707382868,925.791409252177,115.794728920091,1026.24538771495
"292","MEL","1247","ETS",2024 Aug,N(571, 79593),571.020058317523,"Middle",79593,282.122313899486,209.339251898382,932.700864736663,106.928851952869,1035.11126468218
"293","MEL","1247","ETS",2024 Sep,N(571, 82604),571.020058317523,"Middle",82604,287.409116069759,202.561571516092,939.478545118953,98.2320623827697,1043.80805425228
"294","MEL","1247","ETS",2024 Oct,N(571, 85615),571.020058317523,"Middle",85615,292.600410115912,195.906332548923,946.133784086122,89.6923836768471,1052.3477329582
"295","MEL","1247","ARIMA",2024 May,N(610, 63059),610.027592762198,"Middle",63059,251.115511269217,288.097507315063,931.957678209334,196.942576724337,1023.11260880006
"296","MEL","1247","ARIMA",2024 Jun,N(644, 67211),644.057431093347,"Middle",67211,259.250843778762,311.697849368974,976.41701281772,217.589793077284,1070.52506910941
"297","MEL","1247","ARIMA",2024 Jul,N(600, 71363),599.986440362686,"Middle",71363,267.138540836024,257.514831010903,942.458049714468,160.543540687426,1039.42934003794
"298","MEL","1247","ARIMA",2024 Aug,N(534, 75515),534.452176616068,"Middle",75515,274.799927219787,182.158669920301,886.745683311834,82.4062963395186,986.498056892616
"299","MEL","1247","ARIMA",2024 Sep,N(537, 79667),536.794259665209,"Middle",79667,282.253432220053,174.945359559101,898.643159771317,72.4873636632221,1001.1011556672
"300","MEL","1247","ARIMA",2024 Oct,N(595, 83800),594.747209189942,"Middle",83800,289.482296522603,223.630905047965,965.863513331918,118.548831410261,1070.94558696962
"301","MEL","1258","ETS",2024 May,N(53, 12550),52.5100234744273,"Low",12550,112.02678251204,-91.1083117060085,196.128358654863,-131.774033757879,236.794080706734
"302","MEL","1258","ETS",2024 Jun,N(53, 12550),52.5100234744273,"Low",12550,112.02678251204,-91.1083117060085,196.128358654863,-131.774033757879,236.794080706734
"303","MEL","1258","ETS",2024 Jul,N(53, 12550),52.5100234744273,"Low",12550,112.02678251204,-91.1083117060085,196.128358654863,-131.774033757879,236.794080706734
"304","MEL","1258","ETS",2024 Aug,N(53, 12550),52.5100234744273,"Low",12550,112.02678251204,-91.1083117060085,196.128358654863,-131.774033757879,236.794080706734
"305","MEL","1258","ETS",2024 Sep,N(53, 12550),52.5100234744273,"Low",12550,112.02678251204,-91.1083117060085,196.128358654863,-131.774033757879,236.794080706734
"306","MEL","1258","ETS",2024 Oct,N(53, 12550),52.5100234744273,"Low",12550,112.02678251204,-91.1083117060085,196.128358654863,-131.774033757879,236.794080706734
"307","MEL","1258","ARIMA",2024 May,N(52, 12250),52.4883720931732,"Low",12250,110.679718105893,-89.403026518582,194.379770704928,-129.579764191021,234.556508377368
"308","MEL","1258","ARIMA",2024 Jun,N(52, 12250),52.4883720931732,"Low",12250,110.679718105893,-89.403026518582,194.379770704928,-129.579764191021,234.556508377368
"309","MEL","1258","ARIMA",2024 Jul,N(52, 12250),52.4883720931732,"Low",12250,110.679718105893,-89.403026518582,194.379770704928,-129.579764191021,234.556508377368
"310","MEL","1258","ARIMA",2024 Aug,N(52, 12250),52.4883720931732,"Low",12250,110.679718105893,-89.403026518582,194.379770704928,-129.579764191021,234.556508377368
"311","MEL","1258","ARIMA",2024 Sep,N(52, 12250),52.4883720931732,"Low",12250,110.679718105893,-89.403026518582,194.379770704928,-129.579764191021,234.556508377368
"312","MEL","1258","ARIMA",2024 Oct,N(52, 12250),52.4883720931732,"Low",12250,110.679718105893,-89.403026518582,194.379770704928,-129.579764191021,234.556508377368
"313","MEL","1259","ETS",2024 May,N(247, 45480),246.592709002748,"Low",45480,213.260404201061,-26.8071291830126,519.992547188508,-104.220655907998,597.406073913494
"314","MEL","1259","ETS",2024 Jun,N(247, 45480),246.592709002748,"Low",45480,213.260404201061,-26.8071291830126,519.992547188508,-104.220655907998,597.406073913494
"315","MEL","1259","ETS",2024 Jul,N(247, 45480),246.592709002748,"Low",45480,213.260404201061,-26.8071291830126,519.992547188508,-104.220655907998,597.406073913494
"316","MEL","1259","ETS",2024 Aug,N(247, 45480),246.592709002748,"Low",45480,213.260404201061,-26.8071291830126,519.992547188508,-104.220655907998,597.406073913494
"317","MEL","1259","ETS",2024 Sep,N(247, 45480),246.592709002748,"Low",45480,213.260404201061,-26.8071291830126,519.992547188508,-104.220655907998,597.406073913494
"318","MEL","1259","ETS",2024 Oct,N(247, 45480),246.592709002748,"Low",45480,213.260404201061,-26.8071291830126,519.992547188508,-104.220655907998,597.406073913494
"319","MEL","1259","ARIMA",2024 May,N(247, 44393),246.53488372093,"Low",44393,210.696464137394,-23.5779833032084,516.647750745069,-100.060799785082,593.130567226943
"320","MEL","1259","ARIMA",2024 Jun,N(247, 44393),246.53488372093,"Low",44393,210.696464137394,-23.5779833032084,516.647750745069,-100.060799785082,593.130567226943
"321","MEL","1259","ARIMA",2024 Jul,N(247, 44393),246.53488372093,"Low",44393,210.696464137394,-23.5779833032084,516.647750745069,-100.060799785082,593.130567226943
"322","MEL","1259","ARIMA",2024 Aug,N(247, 44393),246.53488372093,"Low",44393,210.696464137394,-23.5779833032084,516.647750745069,-100.060799785082,593.130567226943
"323","MEL","1259","ARIMA",2024 Sep,N(247, 44393),246.53488372093,"Low",44393,210.696464137394,-23.5779833032084,516.647750745069,-100.060799785082,593.130567226943
"324","MEL","1259","ARIMA",2024 Oct,N(247, 44393),246.53488372093,"Low",44393,210.696464137394,-23.5779833032084,516.647750745069,-100.060799785082,593.130567226943
"325","MEL","1260","ETS",2024 May,N(91, 23574),91.0840808852344,"Low",23574,153.538268845262,-105.751979774392,287.92014154486,-161.486371365222,343.654533135691
"326","MEL","1260","ETS",2024 Jun,N(91, 23574),91.0840808852344,"Low",23574,153.538268845262,-105.751979774392,287.92014154486,-161.486371365222,343.654533135691
"327","MEL","1260","ETS",2024 Jul,N(91, 23574),91.0840808852344,"Low",23574,153.538268845262,-105.751979774392,287.92014154486,-161.486371365222,343.654533135691
"328","MEL","1260","ETS",2024 Aug,N(91, 23574),91.0840808852344,"Low",23574,153.538268845262,-105.751979774392,287.92014154486,-161.486371365222,343.654533135691
"329","MEL","1260","ETS",2024 Sep,N(91, 23574),91.0840808852344,"Low",23574,153.538268845262,-105.751979774392,287.92014154486,-161.486371365222,343.654533135691
"330","MEL","1260","ETS",2024 Oct,N(91, 23574),91.0840808852344,"Low",23574,153.538268845262,-105.751979774392,287.92014154486,-161.486371365222,343.654533135691
"331","MEL","1260","ARIMA",2024 May,N(35, 20121),35.0741551656412,"Low",20121,141.848510742975,-146.775635606853,216.923945938136,-198.266645006553,268.414955337836
"332","MEL","1260","ARIMA",2024 Jun,N(79, 22834),78.7515636680921,"Low",22834,151.10923201446,-114.970471774446,272.47359911063,-169.823122995695,327.326250331879
"333","MEL","1260","ARIMA",2024 Jul,N(76, 22834),75.6599039558447,"Low",22834,151.10923201446,-118.062131486693,269.381939398383,-172.914782707943,324.234590619632
"334","MEL","1260","ARIMA",2024 Aug,N(112, 22834),111.916640581291,"Low",22834,151.10923201446,-81.8053948612467,305.63867602383,-136.658046082496,360.491327245079
"335","MEL","1260","ARIMA",2024 Sep,N(79, 22834),78.7515636680921,"Low",22834,151.10923201446,-114.970471774446,272.47359911063,-169.823122995695,327.326250331879
"336","MEL","1260","ARIMA",2024 Oct,N(111, 22834),111.35452063361,"Low",22834,151.10923201446,-82.367514808928,305.076556076148,-137.220166030177,359.929207297397
"337","MEL","1271","ETS",2024 May,N(5141, 4555077),5141.10280373327,"High",4555077,2134.26263613455,2404.97810420878,7877.22750325777,1630.24076729194,8651.96484017461
"338","MEL","1271","ETS",2024 Jun,N(5258, 4555077),5258.46418676898,"High",4555077,2134.26263613455,2522.33948724448,7994.58888629347,1747.60215032764,8769.32622321031
"339","MEL","1271","ETS",2024 Jul,N(5376, 4555078),5375.82556980468,"High",4555078,2134.26287040749,2639.70056994228,8111.95056966708,1864.96314798437,8886.68799162499
"340","MEL","1271","ETS",2024 Aug,N(5493, 4555079),5493.18695284039,"High",4555079,2134.2631046804,2757.06165264012,8229.31225304065,1982.32414564114,9004.04976003964
"341","MEL","1271","ETS",2024 Sep,N(5611, 4555080),5610.54833587609,"High",4555080,2134.26333895328,2874.42273533799,8346.67393641419,2099.68514329795,9121.41152845423
"342","MEL","1271","ETS",2024 Oct,N(5728, 4555081),5727.90971891179,"High",4555081,2134.26357322614,2991.78381803589,8464.0356197877,2217.0461409548,9238.77329686879
"343","MEL","1271","ARIMA",2024 May,N(3997, 5070962),3996.83912188535,"High",5070962,2251.87965930686,1109.92939865395,6883.74884511675,292.497082325555,7701.18116144514
"344","MEL","1271","ARIMA",2024 Jun,N(3997, 5327507),3996.83912188535,"High",5327507,2308.13929389021,1037.8045471181,6955.8736966526,199.949983435951,7793.72826033474
"345","MEL","1271","ARIMA",2024 Jul,N(3997, 5584052),3996.83912188535,"High",5584052,2363.05988074784,967.396354766615,7026.28188900408,109.605618055149,7884.07262571555
"346","MEL","1271","ARIMA",2024 Aug,N(3997, 5840596),3996.83912188535,"High",5840596,2416.7325048503,898.588050667264,7095.09019310343,21.314151406606,7972.36409236409
"347","MEL","1271","ARIMA",2024 Sep,N(3997, 6097141),3996.83912188535,"High",6097141,2469.23895158002,831.274785959761,7162.40345781093,-65.0589534637861,8058.73719723448
"348","MEL","1271","ARIMA",2024 Oct,N(3997, 6353686),3996.83912188535,"High",6353686,2520.65189980687,765.363386332936,7228.31485743776,-149.633253296959,8143.31149706765
"349","MEL","1272","ETS",2024 May,N(588, 117740),588.206425259184,"Middle",117740,343.132627419778,148.310396907029,1028.10245361134,23.7532531536497,1152.65959736472
"350","MEL","1272","ETS",2024 Jun,N(588, 148458),588.206425259184,"Middle",148458,385.302478580141,94.2486477194433,1082.16420279892,-45.6161520051479,1222.02900252352
"351","MEL","1272","ETS",2024 Jul,N(588, 179176),588.206425259184,"Middle",179176,423.291861485666,45.5462588345606,1130.86659168381,-108.108686884736,1284.5215374031
"352","MEL","1272","ETS",2024 Aug,N(588, 209894),588.206425259184,"Middle",209894,458.141899415454,0.868510208571934,1175.5443403098,-165.436999279238,1341.84984979761
"353","MEL","1272","ETS",2024 Sep,N(588, 240612),588.206425259184,"Middle",240612,490.52217075276,-40.6429976458545,1217.05584816422,-218.702545629106,1395.11539614747
"354","MEL","1272","ETS",2024 Oct,N(588, 271329),588.206425259184,"Middle",271329,520.892503305624,-79.5777639786265,1255.99061449699,-268.661742678568,1445.07459319694
"355","MEL","1272","ARIMA",2024 May,N(579, 117770),578.955132231263,"Middle",117770,343.176339510754,139.003064978477,1018.90719948405,14.4300537360737,1143.48021072645
"356","MEL","1272","ARIMA",2024 Jun,N(579, 150689),578.955132231263,"Middle",150689,388.186810698148,81.2996409162372,1076.61062354629,-59.6121713671906,1217.52243582972
"357","MEL","1272","ARIMA",2024 Jul,N(579, 183608),578.955132231263,"Middle",183608,428.495040811443,29.6244899109936,1128.28577455153,-125.91920990356,1283.82947436609
"358","MEL","1272","ARIMA",2024 Aug,N(579, 216527),578.955132231263,"Middle",216527,465.324617874447,-17.5910278837775,1175.5012923463,-186.503864172202,1344.41412863473
"359","MEL","1272","ARIMA",2024 Sep,N(579, 249445),578.955132231263,"Middle",249445,499.444691632617,-61.3329624417519,1219.24322690428,-242.631385504392,1400.54164996692
"360","MEL","1272","ARIMA",2024 Oct,N(579, 282364),578.955132231263,"Middle",282364,531.379337197072,-102.273178055384,1260.18344251791,-295.163877457921,1453.07414192045
"361","PER","1234","ETS",2024 May,N(1982, 1159657),1981.52719471632,"High",1159657,1076.87371590173,600.975090930299,3362.07929850233,210.069932057971,3752.98445737466
"362","PER","1234","ETS",2024 Jun,N(1982, 1159657),1981.52719471632,"High",1159657,1076.87371590173,600.975090930299,3362.07929850233,210.069932057971,3752.98445737466
"363","PER","1234","ETS",2024 Jul,N(1982, 1159657),1981.52719471632,"High",1159657,1076.87371590173,600.975090930299,3362.07929850233,210.069932057971,3752.98445737466
"364","PER","1234","ETS",2024 Aug,N(1982, 1159657),1981.52719471632,"High",1159657,1076.87371590173,600.975090930299,3362.07929850233,210.069932057971,3752.98445737466
"365","PER","1234","ETS",2024 Sep,N(1982, 1159657),1981.52719471632,"High",1159657,1076.87371590173,600.975090930299,3362.07929850233,210.069932057971,3752.98445737466
"366","PER","1234","ETS",2024 Oct,N(1982, 1159657),1981.52719471632,"High",1159657,1076.87371590173,600.975090930299,3362.07929850233,210.069932057971,3752.98445737466
"367","PER","1234","ARIMA",2024 May,N(1981, 1131932),1980.60465116279,"High",1131932,1063.92292953954,616.655455493098,3344.55384683248,230.451432070244,3730.75787025534
"368","PER","1234","ARIMA",2024 Jun,N(1981, 1131932),1980.60465116279,"High",1131932,1063.92292953954,616.655455493098,3344.55384683248,230.451432070244,3730.75787025534
"369","PER","1234","ARIMA",2024 Jul,N(1981, 1131932),1980.60465116279,"High",1131932,1063.92292953954,616.655455493098,3344.55384683248,230.451432070244,3730.75787025534
"370","PER","1234","ARIMA",2024 Aug,N(1981, 1131932),1980.60465116279,"High",1131932,1063.92292953954,616.655455493098,3344.55384683248,230.451432070244,3730.75787025534
"371","PER","1234","ARIMA",2024 Sep,N(1981, 1131932),1980.60465116279,"High",1131932,1063.92292953954,616.655455493098,3344.55384683248,230.451432070244,3730.75787025534
"372","PER","1234","ARIMA",2024 Oct,N(1981, 1131932),1980.60465116279,"High",1131932,1063.92292953954,616.655455493098,3344.55384683248,230.451432070244,3730.75787025534
"373","PER","1238","ETS",2024 May,N(2741, 1912902),2741.04342595418,"High",1912902,1383.07700436382,967.938706359766,4514.1481455486,465.881753775699,5016.20509813267
"374","PER","1238","ETS",2024 Jun,N(2741, 1912902),2741.04342595418,"High",1912902,1383.07700436382,967.938706359766,4514.1481455486,465.881753775699,5016.20509813267
"375","PER","1238","ETS",2024 Jul,N(2741, 1912902),2741.04342595418,"High",1912902,1383.07700436382,967.938706359766,4514.1481455486,465.881753775699,5016.20509813267
"376","PER","1238","ETS",2024 Aug,N(2741, 1912902),2741.04342595418,"High",1912902,1383.07700436382,967.938706359766,4514.1481455486,465.881753775699,5016.20509813267
"377","PER","1238","ETS",2024 Sep,N(2741, 1912902),2741.04342595418,"High",1912902,1383.07700436382,967.938706359766,4514.1481455486,465.881753775699,5016.20509813267
"378","PER","1238","ETS",2024 Oct,N(2741, 1912902),2741.04342595418,"High",1912902,1383.07700436382,967.938706359766,4514.1481455486,465.881753775699,5016.20509813267
"379","PER","1238","ARIMA",2024 May,N(2741, 1867169),2741.39534883721,"High",1867169,1366.44392493801,989.614237066678,4493.17646060774,493.59509231418,4989.19560536024
"380","PER","1238","ARIMA",2024 Jun,N(2741, 1867169),2741.39534883721,"High",1867169,1366.44392493801,989.614237066678,4493.17646060774,493.59509231418,4989.19560536024
"381","PER","1238","ARIMA",2024 Jul,N(2741, 1867169),2741.39534883721,"High",1867169,1366.44392493801,989.614237066678,4493.17646060774,493.59509231418,4989.19560536024
"382","PER","1238","ARIMA",2024 Aug,N(2741, 1867169),2741.39534883721,"High",1867169,1366.44392493801,989.614237066678,4493.17646060774,493.59509231418,4989.19560536024
"383","PER","1238","ARIMA",2024 Sep,N(2741, 1867169),2741.39534883721,"High",1867169,1366.44392493801,989.614237066678,4493.17646060774,493.59509231418,4989.19560536024
"384","PER","1238","ARIMA",2024 Oct,N(2741, 1867169),2741.39534883721,"High",1867169,1366.44392493801,989.614237066678,4493.17646060774,493.59509231418,4989.19560536024
"385","PER","1239","ETS",2024 May,N(499, 21927),499.104819739549,"Middle",21927,148.077682315736,309.269231010776,688.940408468322,255.517032330163,742.692607148935
"386","PER","1239","ETS",2024 Jun,N(511, 21990),511.302539971189,"Middle",21990,148.290255917238,321.19443188529,701.410648057088,267.365068987332,755.240010955046
"387","PER","1239","ETS",2024 Jul,N(524, 22053),523.500260202829,"Middle",22053,148.502525231055,333.120022856617,713.880497549041,279.213606197744,767.786914207914
"388","PER","1239","ETS",2024 Aug,N(536, 22116),535.697980434469,"Middle",22116,148.71449156017,345.046002254331,726.349958614608,291.062641817989,780.333319050949
"389","PER","1239","ETS",2024 Sep,N(548, 22179),547.895700666109,"Middle",22179,148.926156198298,356.97236841989,738.819032912328,302.912173719908,792.87922761231
"390","PER","1239","ETS",2024 Oct,N(560, 22243),560.093420897749,"Middle",22243,149.140873002675,368.89482170832,751.292020087178,314.756684808349,805.430156987149
"391","PER","1239","ARIMA",2024 May,N(474, 24300),473.530011446549,"Middle",24300,155.884572681199,273.685989269252,673.374033623847,217.099889385977,729.960133507122
"392","PER","1239","ARIMA",2024 Jun,N(474, 26340),473.530011446549,"Middle",26340,162.296025829347,265.466506333327,681.593516559772,206.553048957274,740.506973935825
"393","PER","1239","ARIMA",2024 Jul,N(474, 28381),473.530011446549,"Middle",28381,168.466613903171,257.555812422685,689.504210470414,196.402431575834,750.657591317265
"394","PER","1239","ARIMA",2024 Aug,N(474, 30421),473.530011446549,"Middle",30421,174.416168975242,249.92848282029,697.131540072809,186.615413482277,760.444609410822
"395","PER","1239","ARIMA",2024 Sep,N(474, 32462),473.530011446549,"Middle",32462,180.172139910698,242.549328081035,704.510694812064,177.146841293452,769.913181599647
"396","PER","1239","ARIMA",2024 Oct,N(474, 34502),473.530011446549,"Middle",34502,185.747139951064,235.402178029286,711.657844863813,167.97596622705,779.084056666049
"397","PER","1246","ETS",2024 May,N(354, 1e+05),353.834808377891,"Middle",1e+05,316.227766016838,-51.5691876556956,759.238804411477,-166.359866719808,874.029483475589
"398","PER","1246","ETS",2024 Jun,N(354, 107379),353.834808377891,"Middle",107379,327.687350991765,-66.2603755935517,773.929992349333,-185.210884003562,892.880500759344
"399","PER","1246","ETS",2024 Jul,N(354, 111569),353.834808377891,"Middle",111569,334.019460510911,-74.3781399970972,782.047756752879,-195.627204162558,903.296820918339
"400","PER","1246","ETS",2024 Aug,N(354, 115758),353.834808377891,"Middle",115758,340.232273601432,-82.3429663791457,790.012583134927,-205.847281696466,913.516898452247
"401","PER","1246","ETS",2024 Sep,N(354, 119948),353.834808377891,"Middle",119948,346.335097846002,-90.1667870606843,797.836403816466,-215.886427578783,923.556044334564
"402","PER","1246","ETS",2024 Oct,N(354, 124138),353.834808377891,"Middle",124138,352.332229578845,-97.8551099421887,805.52472669797,-225.751709279309,933.421326035091
"403","PER","1246","ARIMA",2024 May,N(375, 89520),374.733151807297,"Middle",89520,299.198930479372,-8.83987706725782,758.306180681852,-117.44908883127,866.915392445864
"404","PER","1246","ARIMA",2024 Jun,N(343, 1e+05),343.39049744511,"Middle",1e+05,316.227766016838,-62.0134985884765,748.794493478696,-176.804177652589,863.585172542808
"405","PER","1246","ARIMA",2024 Jul,N(333, 1e+05),332.626874049314,"Middle",1e+05,316.227766016838,-72.7771219842725,738.0308700829,-187.567801048385,852.821549147012
"406","PER","1246","ARIMA",2024 Aug,N(329, 1e+05),328.930454873461,"Middle",1e+05,316.227766016838,-76.4735411601256,734.334450907047,-191.264220224238,849.125129971159
"407","PER","1246","ARIMA",2024 Sep,N(328, 1e+05),327.661038969431,"Middle",1e+05,316.227766016838,-77.7429570641557,733.065035003017,-192.533636128268,847.855714067129
"408","PER","1246","ARIMA",2024 Oct,N(327, 1e+05),327.225099033849,"Middle",1e+05,316.227766016838,-78.1788969997376,732.629095067435,-192.96957606385,847.419774131547
"409","PER","1247","ETS",2024 May,N(299, 131068),298.679525730503,"Middle",131068,362.033147653637,-165.446969561459,762.806021022466,-296.865002159729,894.224053620736
"410","PER","1247","ETS",2024 Jun,N(299, 131068),298.679525730503,"Middle",131068,362.033147653637,-165.446969561459,762.806021022466,-296.865002159729,894.224053620736
"411","PER","1247","ETS",2024 Jul,N(299, 131068),298.679525730503,"Middle",131068,362.033147653637,-165.446969561459,762.806021022466,-296.865002159729,894.224053620736
"412","PER","1247","ETS",2024 Aug,N(299, 131068),298.679525730503,"Middle",131068,362.033147653637,-165.446969561459,762.806021022466,-296.865002159729,894.224053620736
"413","PER","1247","ETS",2024 Sep,N(299, 131068),298.679525730503,"Middle",131068,362.033147653637,-165.446969561459,762.806021022466,-296.865002159729,894.224053620736
"414","PER","1247","ETS",2024 Oct,N(299, 131068),298.679525730503,"Middle",131068,362.033147653637,-165.446969561459,762.806021022466,-296.865002159729,894.224053620736
"415","PER","1247","ARIMA",2024 May,N(299, 127935),298.720930232558,"Middle",127935,357.680024602996,-159.824861308483,757.266721773599,-289.662710239371,887.104570704487
"416","PER","1247","ARIMA",2024 Jun,N(299, 127935),298.720930232558,"Middle",127935,357.680024602996,-159.824861308483,757.266721773599,-289.662710239371,887.104570704487
"417","PER","1247","ARIMA",2024 Jul,N(299, 127935),298.720930232558,"Middle",127935,357.680024602996,-159.824861308483,757.266721773599,-289.662710239371,887.104570704487
"418","PER","1247","ARIMA",2024 Aug,N(299, 127935),298.720930232558,"Middle",127935,357.680024602996,-159.824861308483,757.266721773599,-289.662710239371,887.104570704487
"419","PER","1247","ARIMA",2024 Sep,N(299, 127935),298.720930232558,"Middle",127935,357.680024602996,-159.824861308483,757.266721773599,-289.662710239371,887.104570704487
"420","PER","1247","ARIMA",2024 Oct,N(299, 127935),298.720930232558,"Middle",127935,357.680024602996,-159.824861308483,757.266721773599,-289.662710239371,887.104570704487
"421","PER","1258","ETS",2024 May,N(19, 1414),18.6329383187082,"Low",1414,37.6031913539263,-29.5743529970254,66.8402296344417,-43.2243114585007,80.490188095917
"422","PER","1258","ETS",2024 Jun,N(19, 1414),18.6329383187082,"Low",1414,37.6031913539263,-29.5743529970254,66.8402296344417,-43.2243114585007,80.490188095917
"423","PER","1258","ETS",2024 Jul,N(19, 1414),18.6329383187082,"Low",1414,37.6031913539263,-29.5743529970254,66.8402296344417,-43.2243114585007,80.490188095917
"424","PER","1258","ETS",2024 Aug,N(19, 1414),18.6329383187082,"Low",1414,37.6031913539263,-29.5743529970254,66.8402296344417,-43.2243114585007,80.490188095917
"425","PER","1258","ETS",2024 Sep,N(19, 1414),18.6329383187082,"Low",1414,37.6031913539263,-29.5743529970254,66.8402296344417,-43.2243114585007,80.490188095917
"426","PER","1258","ETS",2024 Oct,N(19, 1414),18.6329383187082,"Low",1414,37.6031913539263,-29.5743529970254,66.8402296344417,-43.2243114585007,80.490188095917
"427","PER","1258","ARIMA",2024 May,N(21, 1334),20.7208430630364,"Low",1334,36.5239647354993,-26.1028797278738,67.5445658539465,-39.3610789268601,80.8027650529328
"428","PER","1258","ARIMA",2024 Jun,N(19, 1421),18.6353639930116,"Low",1421,37.6961536499415,-29.6911049862135,66.9618329722366,-43.3748087611423,80.6455367471654
"429","PER","1258","ARIMA",2024 Jul,N(19, 1421),18.6353639930116,"Low",1421,37.6961536499415,-29.6911049862135,66.9618329722366,-43.3748087611423,80.6455367471654
"430","PER","1258","ARIMA",2024 Aug,N(19, 1421),18.6353639930116,"Low",1421,37.6961536499415,-29.6911049862135,66.9618329722366,-43.3748087611423,80.6455367471654
"431","PER","1258","ARIMA",2024 Sep,N(19, 1421),18.6353639930116,"Low",1421,37.6961536499415,-29.6911049862135,66.9618329722366,-43.3748087611423,80.6455367471654
"432","PER","1258","ARIMA",2024 Oct,N(19, 1421),18.6353639930116,"Low",1421,37.6961536499415,-29.6911049862135,66.9618329722366,-43.3748087611423,80.6455367471654
"433","PER","1259","ETS",2024 May,N(116, 13447),115.896785259731,"Low",13447,115.961200407723,-32.7654736629694,264.559044182431,-74.8593894109727,306.652959930435
"434","PER","1259","ETS",2024 Jun,N(116, 13447),115.896785259731,"Low",13447,115.961200407723,-32.7654736629694,264.559044182431,-74.8593894109727,306.652959930435
"435","PER","1259","ETS",2024 Jul,N(116, 13447),115.896785259731,"Low",13447,115.961200407723,-32.7654736629694,264.559044182431,-74.8593894109727,306.652959930435
"436","PER","1259","ETS",2024 Aug,N(116, 13447),115.896785259731,"Low",13447,115.961200407723,-32.7654736629694,264.559044182431,-74.8593894109727,306.652959930435
"437","PER","1259","ETS",2024 Sep,N(116, 13447),115.896785259731,"Low",13447,115.961200407723,-32.7654736629694,264.559044182431,-74.8593894109727,306.652959930435
"438","PER","1259","ETS",2024 Oct,N(116, 13447),115.896785259731,"Low",13447,115.961200407723,-32.7654736629694,264.559044182431,-74.8593894109727,306.652959930435
"439","PER","1259","ARIMA",2024 May,N(155, 12063),155.436174028966,"Low",12063,109.831689416124,14.6319481974941,296.240399860437,-25.236955060559,336.10930311849
"440","PER","1259","ARIMA",2024 Jun,N(152, 12063),151.68061163875,"Low",12063,109.831689416124,10.876385807279,292.484837470222,-28.9925174507741,332.353740728275
"441","PER","1259","ARIMA",2024 Jul,N(154, 12063),153.558392833858,"Low",12063,109.831689416124,12.7541670023866,294.362618665329,-27.1147362556666,334.231521923383
"442","PER","1259","ARIMA",2024 Aug,N(137, 12063),136.65836207789,"Low",12063,109.831689416124,-4.14586375358135,277.462587909362,-44.0147670116345,317.331491167415
"443","PER","1259","ARIMA",2024 Sep,N(101, 12063),100.980519370847,"Low",12063,109.831689416124,-39.8237064606247,241.784745202318,-79.6926097186779,281.653648460371
"444","PER","1259","ARIMA",2024 Oct,N(99, 12063),99.1027381757391,"Low",12063,109.831689416124,-41.7014876557323,239.906964007211,-81.5703909137854,279.775867265264
"445","PER","1260","ETS",2024 May,N(14, 449),14.3268302853122,"Low",449,21.1896201004171,-12.8382626834225,41.4919232540469,-20.5300947798739,49.1837553504983
"446","PER","1260","ETS",2024 Jun,N(14, 449),14.3268302853122,"Low",449,21.1896201004171,-12.8382626834225,41.4919232540469,-20.5300947798739,49.1837553504983
"447","PER","1260","ETS",2024 Jul,N(14, 449),14.3268302853122,"Low",449,21.1896201004171,-12.8382626834225,41.4919232540469,-20.5300947798739,49.1837553504983
"448","PER","1260","ETS",2024 Aug,N(14, 449),14.3268302853122,"Low",449,21.1896201004171,-12.8382626834225,41.4919232540469,-20.5300947798739,49.1837553504983
"449","PER","1260","ETS",2024 Sep,N(14, 449),14.3268302853122,"Low",449,21.1896201004171,-12.8382626834225,41.4919232540469,-20.5300947798739,49.1837553504983
"450","PER","1260","ETS",2024 Oct,N(14, 449),14.3268302853122,"Low",449,21.1896201004171,-12.8382626834225,41.4919232540469,-20.5300947798739,49.1837553504983
"451","PER","1260","ARIMA",2024 May,N(17, 417),16.6595253294893,"Low",417,20.4205778566621,-9.51965548275153,42.8387061417302,-16.9323252447199,50.2513759036985
"452","PER","1260","ARIMA",2024 Jun,N(14, 448),14.3993015318131,"Low",448,21.1660104885167,-12.7355239144653,41.5341269780916,-20.4187857217969,49.2173887854232
"453","PER","1260","ARIMA",2024 Jul,N(14, 448),14.3993015318131,"Low",448,21.1660104885167,-12.7355239144653,41.5341269780916,-20.4187857217969,49.2173887854232
"454","PER","1260","ARIMA",2024 Aug,N(14, 448),14.3993015318131,"Low",448,21.1660104885167,-12.7355239144653,41.5341269780916,-20.4187857217969,49.2173887854232
"455","PER","1260","ARIMA",2024 Sep,N(14, 448),14.3993015318131,"Low",448,21.1660104885167,-12.7355239144653,41.5341269780916,-20.4187857217969,49.2173887854232
"456","PER","1260","ARIMA",2024 Oct,N(14, 448),14.3993015318131,"Low",448,21.1660104885167,-12.7355239144653,41.5341269780916,-20.4187857217969,49.2173887854232
"457","PER","1271","ETS",2024 May,N(1314, 1316172),1313.87146072218,"High",1316172,1147.24539659133,-156.897137707901,2784.64005915227,-573.347216670554,3201.09013811492
"458","PER","1271","ETS",2024 Jun,N(1314, 1913992),1313.87146072218,"High",1913992,1383.47099716619,-459.738357644865,3087.48127908923,-961.938329616191,3589.68125106056
"459","PER","1271","ETS",2024 Jul,N(1314, 2511813),1313.87146072218,"High",2511813,1584.87002621666,-717.931912887575,3345.67483433194,-1293.23973240422,3920.98265384859
"460","PER","1271","ETS",2024 Aug,N(1314, 3109633),1313.87146072218,"High",3109633,1763.41515248112,-946.826764758607,3574.56968620298,-1586.94646510925,4214.68938655362
"461","PER","1271","ETS",2024 Sep,N(1314, 3707454),1313.87146072218,"High",3707454,1925.47500632961,-1154.58749739237,3782.33041883674,-1853.53492469002,4481.27784613439
"462","PER","1271","ETS",2024 Oct,N(1314, 4305274),1313.87146072218,"High",4305274,2074.91541996294,-1346.17010767031,3973.91302911468,-2099.36440511686,4727.10732656123
"463","PER","1271","ARIMA",2024 May,N(1492, 1235639),1492.29964210963,"High",1235639,1111.59300105749,67.237414753931,2917.36186946534,-336.270844629938,3320.87012884921
"464","PER","1271","ARIMA",2024 Jun,N(1576, 1744361),1576.16494080697,"High",1744361,1320.74259414922,-117.027064892327,3269.35694650626,-596.456626568492,3748.78650818243
"465","PER","1271","ARIMA",2024 Jul,N(1620, 2e+06),1620.04144753543,"High",2e+06,1414.2135623731,-192.980339426882,3433.06323449773,-706.339862568315,3946.42275763917
"466","PER","1271","ARIMA",2024 Aug,N(1643, 2155886),1642.99668495299,"High",2155886,1468.29356737677,-239.355668424026,3525.34903833001,-772.346233381793,4058.33960328778
"467","PER","1271","ARIMA",2024 Sep,N(1655, 2270645),1655.00636767815,"High",2270645,1506.86595289694,-276.795783935729,3586.80851929202,-823.788124837318,4133.80086019361
"468","PER","1271","ARIMA",2024 Oct,N(1661, 2366074),1661.28957340306,"High",2366074,1538.20479780815,-310.688977386981,3633.26812419311,-869.057318991338,4191.63646579746
"469","PER","1272","ETS",2024 May,N(312, 39284),312.075138924365,"Middle",39284,198.201917246025,57.9802810149615,566.169996833769,-13.9670149453455,638.117292794076
"470","PER","1272","ETS",2024 Jun,N(312, 62489),312.075138924365,"Middle",62489,249.977999031915,-8.39665583454968,632.54693368328,-99.1386694831348,723.288947331865
"471","PER","1272","ETS",2024 Jul,N(312, 85695),312.075138924365,"Middle",85695,292.737083404204,-63.2138019998247,687.364079848555,-169.477363275551,793.627641124281
"472","PER","1272","ETS",2024 Aug,N(312, 108901),312.075138924365,"Middle",108901,330.001515148037,-110.986803495418,735.137081344148,-230.777353494155,854.927631342886
"473","PER","1272","ETS",2024 Sep,N(312, 132106),312.075138924365,"Middle",132106,363.463890916278,-153.885569230303,778.035847079033,-285.822961632912,909.973239481642
"474","PER","1272","ETS",2024 Oct,N(312, 155312),312.075138924365,"Middle",155312,394.096434898871,-193.156490615987,817.306768464718,-336.213496484278,960.363774333008
"475","PER","1272","ARIMA",2024 May,N(319, 36609),318.89166078669,"Middle",36609,191.334785128058,73.6004662525203,564.18285532086,4.14593925103537,633.637382322345
"476","PER","1272","ARIMA",2024 Jun,N(323, 54546),322.926861453509,"Middle",54546,233.550850993954,23.5146704792602,622.339052427758,-61.264288431545,707.118011338563
"477","PER","1272","ARIMA",2024 Jul,N(325, 64610),325.289549479731,"Middle",64610,254.18497201841,-0.575584647871267,651.154683607333,-92.8447294905542,743.423828450016
"478","PER","1272","ARIMA",2024 Aug,N(327, 71113),326.672949010553,"Middle",71113,266.670208309815,-15.1982580426295,668.544156063736,-111.999543659092,765.345441680198
"479","PER","1272","ARIMA",2024 Sep,N(327, 75889),327.482956189089,"Middle",75889,275.479581820504,-25.6818677047981,680.647780082975,-125.680955905641,780.646868283818
"480","PER","1272","ARIMA",2024 Oct,N(328, 79779),327.95723105666,"Middle",79779,282.451765793737,-34.1459326909107,690.060394804231,-136.675923674037,792.590385787357
"481","SYD","1234","ETS",2024 May,N(4769, 4145654),4768.57213727336,"High",4145654,2036.08791558714,2158.30742949064,7378.83684505607,1419.2075161325,8117.93675841421
"482","SYD","1234","ETS",2024 Jun,N(4769, 4145654),4768.57213727336,"High",4145654,2036.08791558714,2158.30742949064,7378.83684505607,1419.2075161325,8117.93675841421
"483","SYD","1234","ETS",2024 Jul,N(4769, 4145654),4768.57213727336,"High",4145654,2036.08791558714,2158.30742949064,7378.83684505607,1419.2075161325,8117.93675841421
"484","SYD","1234","ETS",2024 Aug,N(4769, 4145654),4768.57213727336,"High",4145654,2036.08791558714,2158.30742949064,7378.83684505607,1419.2075161325,8117.93675841421
"485","SYD","1234","ETS",2024 Sep,N(4769, 4145654),4768.57213727336,"High",4145654,2036.08791558714,2158.30742949064,7378.83684505607,1419.2075161325,8117.93675841421
"486","SYD","1234","ETS",2024 Oct,N(4769, 4145654),4768.57213727336,"High",4145654,2036.08791558714,2158.30742949064,7378.83684505607,1419.2075161325,8117.93675841421
"487","SYD","1234","ARIMA",2024 May,N(4767, 4e+06),4766.51162790698,"High",4e+06,2000,2202.51162790698,7330.51162790698,1476.51162790698,8056.51162790698
"488","SYD","1234","ARIMA",2024 Jun,N(4767, 4e+06),4766.51162790698,"High",4e+06,2000,2202.51162790698,7330.51162790698,1476.51162790698,8056.51162790698
"489","SYD","1234","ARIMA",2024 Jul,N(4767, 4e+06),4766.51162790698,"High",4e+06,2000,2202.51162790698,7330.51162790698,1476.51162790698,8056.51162790698
"490","SYD","1234","ARIMA",2024 Aug,N(4767, 4e+06),4766.51162790698,"High",4e+06,2000,2202.51162790698,7330.51162790698,1476.51162790698,8056.51162790698
"491","SYD","1234","ARIMA",2024 Sep,N(4767, 4e+06),4766.51162790698,"High",4e+06,2000,2202.51162790698,7330.51162790698,1476.51162790698,8056.51162790698
"492","SYD","1234","ARIMA",2024 Oct,N(4767, 4e+06),4766.51162790698,"High",4e+06,2000,2202.51162790698,7330.51162790698,1476.51162790698,8056.51162790698
"493","SYD","1238","ETS",2024 May,N(3454, 4420442),3453.99442926386,"High",4420442,2102.48472051523,758.609017563337,6149.37984096438,-4.59293598369095,6912.58179451141
"494","SYD","1238","ETS",2024 Jun,N(3454, 6499871),3453.99442926386,"High",6499871,2549.48445768944,185.555354506002,6722.43350402172,-739.907503635263,7647.89636216298
"495","SYD","1238","ETS",2024 Jul,N(3454, 8843758),3453.99442926386,"High",8843758,2973.8456584026,-358.475704808275,7266.464563336,-1437.98167880842,8345.97053733614
"496","SYD","1238","ETS",2024 Aug,N(3454, 1.1e+07),3453.99442926386,"High",1.1e+07,3316.6247903554,-797.918551971763,7705.90741049948,-2001.85335087077,8909.84220939849
"497","SYD","1238","ETS",2024 Sep,N(3454, 1.4e+07),3453.99442926386,"High",1.4e+07,3741.65738677394,-1342.81034058033,8250.79919910805,-2701.03197197927,9609.02083050699
"498","SYD","1238","ETS",2024 Oct,N(3454, 1.8e+07),3453.99442926386,"High",1.8e+07,4242.64068711928,-1985.07093162306,8893.05979015078,-3525.14950104736,10433.1383595751
"499","SYD","1238","ARIMA",2024 May,N(4937, 1e+07),4937.00173364428,"High",1e+07,3162.27766016838,882.961773308417,8991.04169398014,-264.945017332705,10138.9484846213
"500","SYD","1238","ARIMA",2024 Jun,N(5638, 1.1e+07),5638.1043128716,"High",1.1e+07,3316.6247903554,1386.19133163598,9890.01729410722,182.256532736967,11093.9520930062
"501","SYD","1238","ARIMA",2024 Jul,N(5638, 1.1e+07),5638.1043128716,"High",1.1e+07,3316.6247903554,1386.19133163598,9890.01729410722,182.256532736967,11093.9520930062
"502","SYD","1238","ARIMA",2024 Aug,N(5638, 1.1e+07),5638.1043128716,"High",1.1e+07,3316.6247903554,1386.19133163598,9890.01729410722,182.256532736967,11093.9520930062
"503","SYD","1238","ARIMA",2024 Sep,N(5638, 1.1e+07),5638.1043128716,"High",1.1e+07,3316.6247903554,1386.19133163598,9890.01729410722,182.256532736967,11093.9520930062
"504","SYD","1238","ARIMA",2024 Oct,N(5638, 1.1e+07),5638.1043128716,"High",1.1e+07,3316.6247903554,1386.19133163598,9890.01729410722,182.256532736967,11093.9520930062
"505","SYD","1239","ETS",2024 May,N(1025, 178708),1024.78973169135,"Middle",178708,422.738689972896,482.838731146099,1566.7407322366,329.384586685938,1720.19487669676
"506","SYD","1239","ETS",2024 Jun,N(1025, 188758),1024.78973169135,"Middle",188758,434.462886792416,467.808310823474,1581.77115255923,310.098282917826,1739.48118046488
"507","SYD","1239","ETS",2024 Jul,N(1025, 2e+05),1024.78973169135,"Middle",2e+05,447.213595499958,451.461902260405,1598.1175611223,289.12336709392,1760.45609628878
"508","SYD","1239","ETS",2024 Aug,N(1025, 208857),1024.78973169135,"Middle",208857,457.008752651413,438.90451079224,1610.67495259046,273.010333579778,1776.56912980293
"509","SYD","1239","ETS",2024 Sep,N(1025, 218906),1024.78973169135,"Middle",218906,467.873914639404,424.975373123636,1624.60409025907,255.137142109532,1794.44232127317
"510","SYD","1239","ETS",2024 Oct,N(1025, 228955),1024.78973169135,"Middle",228955,478.492424182452,411.362443889447,1638.21701949326,237.669693911217,1811.90976947149
"511","SYD","1239","ARIMA",2024 May,N(1035, 178809),1035.4887460087,"Middle",178809,422.858132238225,493.384620479297,1577.59287153811,339.887118476821,1731.09037354058
"512","SYD","1239","ARIMA",2024 Jun,N(1035, 190079),1035.4887460087,"Middle",190079,435.980504151275,476.561739686766,1594.41575233064,318.300816679854,1752.67667533755
"513","SYD","1239","ARIMA",2024 Jul,N(1035, 2e+05),1035.4887460087,"Middle",2e+05,447.213595499958,462.160916577755,1608.81657543965,299.82238141127,1771.15511060613
"514","SYD","1239","ARIMA",2024 Aug,N(1035, 212618),1035.4887460087,"Middle",212618,461.105194071808,444.351887208643,1626.62560480876,276.970701760577,1794.00679025683
"515","SYD","1239","ARIMA",2024 Sep,N(1035, 223888),1035.4887460087,"Middle",223888,473.168046258409,428.887310705421,1642.09018131198,257.127309913618,1813.85018210378
"516","SYD","1239","ARIMA",2024 Oct,N(1035, 235158),1035.4887460087,"Middle",235158,484.930922915831,413.807302830605,1657.1701891868,237.777377812159,1833.20011420524
"517","SYD","1246","ETS",2024 May,N(294, 188796),293.563140300036,"Middle",188796,434.506616750539,-263.474342374156,850.600622974227,-421.200244254601,1008.32652485467
"518","SYD","1246","ETS",2024 Jun,N(294, 287370),293.563140300036,"Middle",287370,536.069025406244,-393.677350270769,980.80363087084,-588.270406493235,1175.39668709331
"519","SYD","1246","ETS",2024 Jul,N(294, 385944),293.563140300036,"Middle",385944,621.24391345107,-502.871556744236,1089.99783734431,-728.383097326974,1315.50937792705
"520","SYD","1246","ETS",2024 Aug,N(294, 484519),293.563140300036,"Middle",484519,696.073990319995,-598.803715290197,1185.92999589027,-851.478573776355,1438.60485437643
"521","SYD","1246","ETS",2024 Sep,N(294, 583093),293.563140300036,"Middle",583093,763.605264518259,-685.378808812372,1272.50508941244,-962.5675198325,1549.69380043257
"522","SYD","1246","ETS",2024 Oct,N(294, 681667),293.563140300036,"Middle",681667,825.631273632485,-764.896152496811,1352.02243309688,-1064.6003048254,1651.72658542547
"523","SYD","1246","ARIMA",2024 May,N(294, 159255),293.617015923941,"Middle",159255,399.067663435664,-217.98772860058,805.221760448461,-362.849290427726,950.083322275607
"524","SYD","1246","ARIMA",2024 Jun,N(362, 205994),361.669815965744,"Middle",205994,453.86561887854,-220.185907436544,943.525539368032,-384.939127089454,1108.27875902094
"525","SYD","1246","ARIMA",2024 Jul,N(399, 219712),398.537302105789,"Middle",219712,468.734466409288,-202.380283830918,999.454888042496,-372.53089513749,1169.60549934907
"526","SYD","1246","ARIMA",2024 Aug,N(419, 223738),418.510198642764,"Middle",223738,473.009513646396,-187.887997851915,1024.90839513744,-359.590451305557,1196.61084859109
"527","SYD","1246","ARIMA",2024 Sep,N(429, 224920),429.33048062677,"Middle",224920,474.257314123884,-178.667396080049,1037.32835733359,-350.822801107018,1209.48376236056
"528","SYD","1246","ARIMA",2024 Oct,N(435, 225266),435.192349584869,"Middle",225266,474.621954822994,-173.27299649821,1043.65769566795,-345.560766098956,1215.94546526869
"529","SYD","1247","ETS",2024 May,N(515, 73082),514.894077461845,"Middle",73082,270.336826940023,168.322265324736,861.465889598955,70.1899971455073,959.598157778183
"530","SYD","1247","ETS",2024 Jun,N(516, 73082),515.669851849441,"Middle",73082,270.336826940023,169.098039712331,862.241663986551,70.9657715331031,960.373932165779
"531","SYD","1247","ETS",2024 Jul,N(516, 73082),516.369354661235,"Middle",73082,270.336826940023,169.797542524125,862.941166798344,71.6652743448965,961.073434977573
"532","SYD","1247","ETS",2024 Aug,N(517, 73082),517.000084666672,"Middle",73082,270.336826940023,170.428272529563,863.571896803782,72.2960043503343,961.70416498301
"533","SYD","1247","ETS",2024 Sep,N(518, 73082),517.568803380954,"Middle",73082,270.336826940023,170.996991243845,864.140615518064,72.8647230646162,962.272883697292
"534","SYD","1247","ETS",2024 Oct,N(518, 73082),518.081607549435,"Middle",73082,270.336826940023,171.509795412325,864.653419686545,73.3775272330969,962.785687865773
"535","SYD","1247","ARIMA",2024 May,N(380, 70189),379.702074208305,"Middle",70189,264.932066764293,40.0591646164811,719.344983800129,-56.1111756189574,815.515324035568
"536","SYD","1247","ARIMA",2024 Jun,N(440, 70189),440.447404269478,"Middle",70189,264.932066764293,100.804494677654,780.090313861302,4.63415444221556,876.260654096741
"537","SYD","1247","ARIMA",2024 Jul,N(443, 70189),443.374993816364,"Middle",70189,264.932066764293,103.73208422454,783.017903408188,7.56174398910105,879.188243643626
"538","SYD","1247","ARIMA",2024 Aug,N(441, 70189),440.514769636451,"Middle",70189,264.932066764293,100.871860044627,780.157679228276,4.70151980918882,876.328019463714
"539","SYD","1247","ARIMA",2024 Sep,N(271, 70189),271.398423489661,"Middle",70189,264.932066764293,-68.244486102163,611.041333081485,-164.414826337601,707.211673316924
"540","SYD","1247","ARIMA",2024 Oct,N(178, 69417),178.377098088666,"Middle",69417,263.47106102948,-159.392802151128,516.146998328459,-255.032797304829,611.78699348216
"541","SYD","1258","ETS",2024 May,N(10, 434),10.2551814656286,"Low",434,20.8326666559997,-16.452297187363,36.9626601186201,-24.0145551834909,44.524918114748
"542","SYD","1258","ETS",2024 Jun,N(10, 434),10.2551814656286,"Low",434,20.8326666559997,-16.452297187363,36.9626601186201,-24.0145551834909,44.524918114748
"543","SYD","1258","ETS",2024 Jul,N(10, 434),10.2551814656286,"Low",434,20.8326666559997,-16.452297187363,36.9626601186201,-24.0145551834909,44.524918114748
"544","SYD","1258","ETS",2024 Aug,N(10, 434),10.2551814656286,"Low",434,20.8326666559997,-16.452297187363,36.9626601186201,-24.0145551834909,44.524918114748
"545","SYD","1258","ETS",2024 Sep,N(10, 434),10.2551814656286,"Low",434,20.8326666559997,-16.452297187363,36.9626601186201,-24.0145551834909,44.524918114748
"546","SYD","1258","ETS",2024 Oct,N(10, 434),10.2551814656286,"Low",434,20.8326666559997,-16.452297187363,36.9626601186201,-24.0145551834909,44.524918114748
"547","SYD","1258","ARIMA",2024 May,N(21, 402),21.3645619864194,"Low",402,20.0499376557634,-4.3394580882693,47.0685820611081,-11.6175854573114,54.3467094301502
"548","SYD","1258","ARIMA",2024 Jun,N(17, 402),17.2117298500952,"Low",402,20.0499376557634,-8.49229022459349,42.9157499247839,-15.7704175936356,50.193877293826
"549","SYD","1258","ARIMA",2024 Jul,N(8.4, 402),8.38696156040634,"Low",402,20.0499376557634,-17.3170585142824,34.090981635095,-24.5951858833245,41.3691090041372
"550","SYD","1258","ARIMA",2024 Aug,N(7.6, 402),7.60830553484556,"Low",402,20.0499376557634,-18.0957145398432,33.3123256095343,-25.3738419088853,40.5904529785764
"551","SYD","1258","ARIMA",2024 Sep,N(7.6, 402),7.60830553484556,"Low",402,20.0499376557634,-18.0957145398432,33.3123256095343,-25.3738419088853,40.5904529785764
"552","SYD","1258","ARIMA",2024 Oct,N(8.4, 402),8.38696156040634,"Low",402,20.0499376557634,-17.3170585142824,34.090981635095,-24.5951858833245,41.3691090041372
"553","SYD","1259","ETS",2024 May,N(197, 46749),196.550629567303,"Low",46749,216.21517060558,-80.6372191490505,473.738478283656,-159.123326078876,552.224585213482
"554","SYD","1259","ETS",2024 Jun,N(197, 46749),196.550629567303,"Low",46749,216.21517060558,-80.6372191490505,473.738478283656,-159.123326078876,552.224585213482
"555","SYD","1259","ETS",2024 Jul,N(197, 46749),196.550629567303,"Low",46749,216.21517060558,-80.6372191490505,473.738478283656,-159.123326078876,552.224585213482
"556","SYD","1259","ETS",2024 Aug,N(197, 46749),196.550629567303,"Low",46749,216.21517060558,-80.6372191490505,473.738478283656,-159.123326078876,552.224585213482
"557","SYD","1259","ETS",2024 Sep,N(197, 46749),196.550629567303,"Low",46749,216.21517060558,-80.6372191490505,473.738478283656,-159.123326078876,552.224585213482
"558","SYD","1259","ETS",2024 Oct,N(197, 46749),196.550629567303,"Low",46749,216.21517060558,-80.6372191490505,473.738478283656,-159.123326078876,552.224585213482
"559","SYD","1259","ARIMA",2024 May,N(211, 44205),211.338819911988,"Low",44205,210.249851367367,-58.2014895409765,480.879129364953,-134.522185587331,557.199825411307
"560","SYD","1259","ARIMA",2024 Jun,N(199, 46550),199.209734025852,"Low",46550,215.754490103914,-77.3875222873659,475.80699033907,-155.706402195087,554.125870246791
"561","SYD","1259","ARIMA",2024 Jul,N(196, 46675),196.416125447628,"Low",46675,216.043977004683,-80.5522530723755,473.384503967632,-158.976216725075,551.808467620332
"562","SYD","1259","ARIMA",2024 Aug,N(196, 46681),195.772692878876,"Low",46681,216.057862620179,-81.2134870001927,472.758872757945,-159.642491131318,551.18787688907
"563","SYD","1259","ARIMA",2024 Sep,N(196, 46682),195.624495499416,"Low",46682,216.060176802668,-81.3646511616038,472.613642160436,-159.794495340972,551.043486339804
"564","SYD","1259","ARIMA",2024 Oct,N(196, 46682),195.590362220584,"Low",46682,216.060176802668,-81.3987844404359,472.579508881604,-159.828628619804,551.009353060972
"565","SYD","1260","ETS",2024 May,N(13, 645),12.9679349701391,"Low",645,25.3968501984006,-19.5908269842105,45.5266969244887,-28.8098836062299,54.7457535465081
"566","SYD","1260","ETS",2024 Jun,N(13, 645),12.9679349701391,"Low",645,25.3968501984006,-19.5908269842105,45.5266969244887,-28.8098836062299,54.7457535465081
"567","SYD","1260","ETS",2024 Jul,N(13, 645),12.9679349701391,"Low",645,25.3968501984006,-19.5908269842105,45.5266969244887,-28.8098836062299,54.7457535465081
"568","SYD","1260","ETS",2024 Aug,N(13, 645),12.9679349701391,"Low",645,25.3968501984006,-19.5908269842105,45.5266969244887,-28.8098836062299,54.7457535465081
"569","SYD","1260","ETS",2024 Sep,N(13, 645),12.9679349701391,"Low",645,25.3968501984006,-19.5908269842105,45.5266969244887,-28.8098836062299,54.7457535465081
"570","SYD","1260","ETS",2024 Oct,N(13, 645),12.9679349701391,"Low",645,25.3968501984006,-19.5908269842105,45.5266969244887,-28.8098836062299,54.7457535465081
"571","SYD","1260","ARIMA",2024 May,N(13, 630),12.9767441860635,"Low",630,25.0998007960223,-19.201200434437,45.1546888065641,-28.3124281233931,54.2659164955201
"572","SYD","1260","ARIMA",2024 Jun,N(13, 630),12.9767441860635,"Low",630,25.0998007960223,-19.201200434437,45.1546888065641,-28.3124281233931,54.2659164955201
"573","SYD","1260","ARIMA",2024 Jul,N(13, 630),12.9767441860635,"Low",630,25.0998007960223,-19.201200434437,45.1546888065641,-28.3124281233931,54.2659164955201
"574","SYD","1260","ARIMA",2024 Aug,N(13, 630),12.9767441860635,"Low",630,25.0998007960223,-19.201200434437,45.1546888065641,-28.3124281233931,54.2659164955201
"575","SYD","1260","ARIMA",2024 Sep,N(13, 630),12.9767441860635,"Low",630,25.0998007960223,-19.201200434437,45.1546888065641,-28.3124281233931,54.2659164955201
"576","SYD","1260","ARIMA",2024 Oct,N(13, 630),12.9767441860635,"Low",630,25.0998007960223,-19.201200434437,45.1546888065641,-28.3124281233931,54.2659164955201
"577","SYD","1271","ETS",2024 May,N(4867, 5304618),4866.93808384318,"High",5304618,2303.17563377177,1914.26692134777,7819.60924633859,1078.21416628862,8655.66200139775
"578","SYD","1271","ETS",2024 Jun,N(4867, 5746924),4866.93808384318,"High",5746924,2397.27428551678,1793.63244981067,7940.2437178757,923.421884168076,8810.45428351829
"579","SYD","1271","ETS",2024 Jul,N(4867, 6189231),4866.93808384318,"High",6189231,2487.8165125266,1677.55731478409,8056.31885290228,774.479920736931,8959.39624694944
"580","SYD","1271","ETS",2024 Aug,N(4867, 6631538),4866.93808384318,"High",6631538,2575.17727545115,1565.56081671481,8168.31535097156,630.771465726044,9103.10470196032
"581","SYD","1271","ETS",2024 Sep,N(4867, 7073844),4866.93808384318,"High",7073844,2659.66990433023,1457.24126649182,8276.63490119454,491.781091219947,9242.09507646642
"582","SYD","1271","ETS",2024 Oct,N(4867, 7516151),4866.93808384318,"High",7516151,2741.55995739652,1352.25821846085,8381.61794922552,357.071953925911,9376.80421376046
"583","SYD","1271","ARIMA",2024 May,N(2928, 4287050),2927.63500256772,"High",4287050,2070.51925854361,273.229313114807,5582.04069202064,-478.369177736525,6333.63918287197
"584","SYD","1271","ARIMA",2024 Jun,N(5323, 6286320),5323.21220950231,"High",6286320,2507.25347741308,2108.91325145873,8537.51116754588,1198.78023915778,9447.64417984683
"585","SYD","1271","ARIMA",2024 Jul,N(3019, 6937065),3018.83167777572,"High",6937065,2633.83086017307,-357.739484966151,6395.40284051759,-1313.82008720897,7351.48344276042
"586","SYD","1271","ARIMA",2024 Aug,N(4159, 1.1e+07),4158.68561323589,"High",1.1e+07,3316.6247903554,-93.2273679997352,8410.59859447151,-1297.16216689874,9614.53339337052
"587","SYD","1271","ARIMA",2024 Sep,N(4347, 1.2e+07),4346.55824421138,"High",1.2e+07,3464.10161513775,-94.4200263952243,8787.53651481798,-1351.88891269023,10045.005401113
"588","SYD","1271","ARIMA",2024 Oct,N(3357, 1.4e+07),3357.0555062814,"High",1.4e+07,3741.65738677394,-1439.74926356279,8153.86027612559,-2797.97089496173,9512.08190752453
"589","SYD","1272","ETS",2024 May,N(635, 149983),634.645654817157,"Middle",149983,387.276387093249,138.157326563612,1131.1339830707,-2.42400195123776,1271.71531158555
"590","SYD","1272","ETS",2024 Jun,N(635, 175958),634.645654817157,"Middle",175958,419.473479495426,96.8806541040201,1172.41065553029,-55.3882189528198,1324.67952858713
"591","SYD","1272","ETS",2024 Jul,N(635, 2e+05),634.645654817157,"Middle",2e+05,447.213595499958,61.3178253862108,1207.9734842481,-101.020709780274,1370.31201941459
"592","SYD","1272","ETS",2024 Aug,N(635, 227908),634.645654817157,"Middle",227908,477.397109333519,22.6225606515853,1246.66874898273,-150.672590036482,1419.9638996708
"593","SYD","1272","ETS",2024 Sep,N(635, 253882),634.645654817157,"Middle",253882,503.867045955577,-11.3118980978935,1280.60320773221,-194.215635779768,1463.50694541408
"594","SYD","1272","ETS",2024 Oct,N(635, 279857),634.645654817157,"Middle",279857,529.015122657188,-43.5517324293586,1312.84304206367,-235.584221953918,1504.87553158823
"595","SYD","1272","ARIMA",2024 May,N(627, 150027),627.231913975752,"Middle",150027,387.33318990244,130.670764520823,1123.79306343068,-9.93118341376282,1264.39501136527
"596","SYD","1272","ARIMA",2024 Jun,N(627, 177831),627.231913975752,"Middle",177831,421.700130424452,86.6123467716039,1167.8514811799,-66.4648005724722,1320.92862852398
"597","SYD","1272","ARIMA",2024 Jul,N(627, 205635),627.231913975752,"Middle",205635,453.469954903299,45.8834317897224,1208.58039616178,-118.726161840175,1373.18998979168
"598","SYD","1272","ARIMA",2024 Aug,N(627, 233439),627.231913975752,"Middle",233439,483.15525455075,7.8268776416902,1246.63695030981,-167.558479760232,1422.02230771174
"599","SYD","1272","ARIMA",2024 Sep,N(627, 261243),627.231913975752,"Middle",261243,511.119359836819,-28.0231053350507,1282.48693328655,-213.559432955816,1468.02326090732
"600","SYD","1272","ARIMA",2024 Oct,N(627, 289047),627.231913975752,"Middle",289047,537.63091428972,-62.010918143669,1316.47474609517,-257.170940030837,1511.63476798234
