"","Region","Item Code",".model","Yearmonth","Volume",".mean"
"1","ADE","1234","ETS",2024 May,N(756, 156508),756.214023809337
"2","ADE","1234","ETS",2024 Jun,N(756, 156508),756.214023809337
"3","ADE","1234","ETS",2024 Jul,N(756, 156508),756.214023809337
"4","ADE","1234","ETS",2024 Aug,N(756, 156508),756.214023809337
"5","ADE","1234","ETS",2024 Sep,N(756, 156508),756.214023809337
"6","ADE","1234","ETS",2024 Oct,N(756, 156508),756.214023809337
"7","ADE","1234","ARIMA",2024 May,N(756, 152767),756.279069767442
"8","ADE","1234","ARIMA",2024 Jun,N(756, 152767),756.279069767442
"9","ADE","1234","ARIMA",2024 Jul,N(756, 152767),756.279069767442
"10","ADE","1234","ARIMA",2024 Aug,N(756, 152767),756.279069767442
"11","ADE","1234","ARIMA",2024 Sep,N(756, 152767),756.279069767442
"12","ADE","1234","ARIMA",2024 Oct,N(756, 152767),756.279069767442
"13","ADE","1235","ETS",2024 May,N(139, 12028),138.512144737992
"14","ADE","1235","ETS",2024 Jun,N(139, 12377),138.512144737992
"15","ADE","1235","ETS",2024 Jul,N(139, 12725),138.512144737992
"16","ADE","1235","ETS",2024 Aug,N(139, 13073),138.512144737992
"17","ADE","1235","ETS",2024 Sep,N(139, 13421),138.512144737992
"18","ADE","1235","ETS",2024 Oct,N(139, 13770),138.512144737992
"19","ADE","1235","ARIMA",2024 May,N(123, 11514),122.795563069207
"20","ADE","1235","ARIMA",2024 Jun,N(153, 11515),153.330473036811
"21","ADE","1235","ARIMA",2024 Jul,N(144, 12610),143.738516577113
"22","ADE","1235","ARIMA",2024 Aug,N(147, 13113),146.751645773248
"23","ADE","1235","ARIMA",2024 Sep,N(146, 13778),145.805129013007
"24","ADE","1235","ARIMA",2024 Oct,N(146, 14389),146.102459103786
"25","ADE","1236","ETS",2024 May,N(250, 10026),249.766314459702
"26","ADE","1236","ETS",2024 Jun,N(250, 13196),249.766314459702
"27","ADE","1236","ETS",2024 Jul,N(250, 16505),249.766314459702
"28","ADE","1236","ETS",2024 Aug,N(250, 19959),249.766314459702
"29","ADE","1236","ETS",2024 Sep,N(250, 23565),249.766314459702
"30","ADE","1236","ETS",2024 Oct,N(250, 27328),249.766314459702
"31","ADE","1236","ARIMA",2024 May,N(245, 10290),244.768119877683
"32","ADE","1236","ARIMA",2024 Jun,N(237, 11930),237.189938322887
"33","ADE","1236","ARIMA",2024 Jul,N(233, 13570),233.400847545489
"34","ADE","1236","ARIMA",2024 Aug,N(260, 15209),259.924482987276
"35","ADE","1236","ARIMA",2024 Sep,N(271, 16849),271.29175531947
"36","ADE","1236","ARIMA",2024 Oct,N(268, 18489),267.502664542072
"37","ADE","1238","ETS",2024 May,N(1447, 1134131),1446.64964440375
"38","ADE","1238","ETS",2024 Jun,N(1447, 1134131),1446.64964440375
"39","ADE","1238","ETS",2024 Jul,N(1447, 1134131),1446.64964440375
"40","ADE","1238","ETS",2024 Aug,N(1447, 1134131),1446.64964440375
"41","ADE","1238","ETS",2024 Sep,N(1447, 1134131),1446.64964440375
"42","ADE","1238","ETS",2024 Oct,N(1447, 1134131),1446.64964440375
"43","ADE","1238","ARIMA",2024 May,N(1446, 1107016),1445.58139534884
"44","ADE","1238","ARIMA",2024 Jun,N(1446, 1107016),1445.58139534884
"45","ADE","1238","ARIMA",2024 Jul,N(1446, 1107016),1445.58139534884
"46","ADE","1238","ARIMA",2024 Aug,N(1446, 1107016),1445.58139534884
"47","ADE","1238","ARIMA",2024 Sep,N(1446, 1107016),1445.58139534884
"48","ADE","1238","ARIMA",2024 Oct,N(1446, 1107016),1445.58139534884
"49","ADE","1239","ETS",2024 May,N(237, 8549),236.803519692714
"50","ADE","1239","ETS",2024 Jun,N(242, 8549),242.118985128771
"51","ADE","1239","ETS",2024 Jul,N(247, 8549),247.434450564829
"52","ADE","1239","ETS",2024 Aug,N(253, 8549),252.749916000887
"53","ADE","1239","ETS",2024 Sep,N(258, 8549),258.065381436944
"54","ADE","1239","ETS",2024 Oct,N(263, 8549),263.380846873002
"55","ADE","1239","ARIMA",2024 May,N(235, 9446),234.674720333349
"56","ADE","1239","ARIMA",2024 Jun,N(235, 10115),234.674720333349
"57","ADE","1239","ARIMA",2024 Jul,N(235, 10784),234.674720333349
"58","ADE","1239","ARIMA",2024 Aug,N(235, 11453),234.674720333349
"59","ADE","1239","ARIMA",2024 Sep,N(235, 12122),234.674720333349
"60","ADE","1239","ARIMA",2024 Oct,N(235, 12791),234.674720333349
"61","ADE","1246","ETS",2024 May,N(89, 7317),89.1688687977257
"62","ADE","1246","ETS",2024 Jun,N(89, 7434),89.1688687977257
"63","ADE","1246","ETS",2024 Jul,N(89, 7550),89.1688687977257
"64","ADE","1246","ETS",2024 Aug,N(89, 7667),89.1688687977257
"65","ADE","1246","ETS",2024 Sep,N(89, 7783),89.1688687977257
"66","ADE","1246","ETS",2024 Oct,N(89, 7900),89.1688687977257
"67","ADE","1246","ARIMA",2024 May,N(83, 6351),83.4425756017204
"68","ADE","1246","ARIMA",2024 Jun,N(75, 6865),74.9056913972902
"69","ADE","1246","ARIMA",2024 Jul,N(86, 7301),85.7229413033458
"70","ADE","1246","ARIMA",2024 Aug,N(86, 7301),85.7229413033458
"71","ADE","1246","ARIMA",2024 Sep,N(86, 7301),85.7229413033458
"72","ADE","1246","ARIMA",2024 Oct,N(86, 7301),85.7229413033458
"73","ADE","1247","ETS",2024 May,N(107, 5208),107.48374439028
"74","ADE","1247","ETS",2024 Jun,N(107, 5280),107.48374439028
"75","ADE","1247","ETS",2024 Jul,N(107, 5352),107.48374439028
"76","ADE","1247","ETS",2024 Aug,N(107, 5424),107.48374439028
"77","ADE","1247","ETS",2024 Sep,N(107, 5497),107.48374439028
"78","ADE","1247","ETS",2024 Oct,N(107, 5569),107.48374439028
"79","ADE","1247","ARIMA",2024 May,N(88, 5095),88.2558139534884
"80","ADE","1247","ARIMA",2024 Jun,N(88, 5095),88.2558139534884
"81","ADE","1247","ARIMA",2024 Jul,N(88, 5095),88.2558139534884
"82","ADE","1247","ARIMA",2024 Aug,N(88, 5095),88.2558139534884
"83","ADE","1247","ARIMA",2024 Sep,N(88, 5095),88.2558139534884
"84","ADE","1247","ARIMA",2024 Oct,N(88, 5095),88.2558139534884
"85","ADE","1248","ETS",2024 May,N(45, 1952),45.3815947849009
"86","ADE","1248","ETS",2024 Jun,N(45, 1952),45.3815947849009
"87","ADE","1248","ETS",2024 Jul,N(45, 1952),45.3815947849009
"88","ADE","1248","ETS",2024 Aug,N(45, 1952),45.3815947849009
"89","ADE","1248","ETS",2024 Sep,N(45, 1952),45.3815947849009
"90","ADE","1248","ETS",2024 Oct,N(45, 1952),45.3815947849009
"91","ADE","1248","ARIMA",2024 May,N(47, 1903),46.7441860465116
"92","ADE","1248","ARIMA",2024 Jun,N(47, 1903),46.7441860465116
"93","ADE","1248","ARIMA",2024 Jul,N(47, 1903),46.7441860465116
"94","ADE","1248","ARIMA",2024 Aug,N(47, 1903),46.7441860465116
"95","ADE","1248","ARIMA",2024 Sep,N(47, 1903),46.7441860465116
"96","ADE","1248","ARIMA",2024 Oct,N(47, 1903),46.7441860465116
"97","ADE","1255","ETS",2024 May,N(38, 1795),38.4221412415852
"98","ADE","1255","ETS",2024 Jun,N(38, 1795),38.4221412415852
"99","ADE","1255","ETS",2024 Jul,N(38, 1795),38.4221412415852
"100","ADE","1255","ETS",2024 Aug,N(38, 1795),38.4221412415852
"101","ADE","1255","ETS",2024 Sep,N(38, 1795),38.4221412415852
"102","ADE","1255","ETS",2024 Oct,N(38, 1795),38.4221412415852
"103","ADE","1255","ARIMA",2024 May,N(67, 1575),67.3155615386318
"104","ADE","1255","ARIMA",2024 Jun,N(58, 1575),57.8272082661347
"105","ADE","1255","ARIMA",2024 Jul,N(52, 1575),51.5016394178032
"106","ADE","1255","ARIMA",2024 Aug,N(42, 1575),42.0132861453061
"107","ADE","1255","ARIMA",2024 Sep,N(36, 1575),35.6877172969746
"108","ADE","1255","ARIMA",2024 Oct,N(33, 1575),32.5249328728089
"109","ADE","1256","ETS",2024 May,N(202, 42433),202.390287180697
"110","ADE","1256","ETS",2024 Jun,N(202, 42433),202.390287180697
"111","ADE","1256","ETS",2024 Jul,N(202, 42433),202.390287180697
"112","ADE","1256","ETS",2024 Aug,N(202, 42433),202.390287180697
"113","ADE","1256","ETS",2024 Sep,N(202, 42433),202.390287180697
"114","ADE","1256","ETS",2024 Oct,N(202, 42433),202.390287180697
"115","ADE","1256","ARIMA",2024 May,N(202, 41418),202.325581395349
"116","ADE","1256","ARIMA",2024 Jun,N(202, 41418),202.325581395349
"117","ADE","1256","ARIMA",2024 Jul,N(202, 41418),202.325581395349
"118","ADE","1256","ARIMA",2024 Aug,N(202, 41418),202.325581395349
"119","ADE","1256","ARIMA",2024 Sep,N(202, 41418),202.325581395349
"120","ADE","1256","ARIMA",2024 Oct,N(202, 41418),202.325581395349
"121","ADE","1257","ETS",2024 May,N(61, 2993),61.1226321319153
"122","ADE","1257","ETS",2024 Jun,N(61, 2993),61.1226321319153
"123","ADE","1257","ETS",2024 Jul,N(61, 2993),61.1226321319153
"124","ADE","1257","ETS",2024 Aug,N(61, 2993),61.1226321319153
"125","ADE","1257","ETS",2024 Sep,N(61, 2993),61.1226321319153
"126","ADE","1257","ETS",2024 Oct,N(61, 2993),61.1226321319153
"127","ADE","1257","ARIMA",2024 May,N(66, 2711),65.7466048604078
"128","ADE","1257","ARIMA",2024 Jun,N(82, 2711),82.3058638569296
"129","ADE","1257","ARIMA",2024 Jul,N(80, 2711),80.2359564823644
"130","ADE","1257","ARIMA",2024 Aug,N(53, 2711),53.3271606130163
"131","ADE","1257","ARIMA",2024 Sep,N(78, 2711),78.1660491077992
"132","ADE","1257","ARIMA",2024 Oct,N(41, 2711),40.9077163656249
"133","ADE","1258","ETS",2024 May,N(1.5, 40),1.46750830932134
"134","ADE","1258","ETS",2024 Jun,N(1.5, 48),1.46750830932134
"135","ADE","1258","ETS",2024 Jul,N(1.5, 56),1.46750830932134
"136","ADE","1258","ETS",2024 Aug,N(1.5, 65),1.46750830932134
"137","ADE","1258","ETS",2024 Sep,N(1.5, 73),1.46750830932134
"138","ADE","1258","ETS",2024 Oct,N(1.5, 81),1.46750830932134
"139","ADE","1258","ARIMA",2024 May,N(0.87, 34),0.868765796186459
"140","ADE","1258","ARIMA",2024 Jun,N(1.3, 37),1.27643360506796
"141","ADE","1258","ARIMA",2024 Jul,N(0.67, 43),0.666425186209935
"142","ADE","1258","ARIMA",2024 Aug,N(0.63, 45),0.629039676306973
"143","ADE","1258","ARIMA",2024 Sep,N(0.41, 46),0.4098244326384
"144","ADE","1258","ARIMA",2024 Oct,N(0.33, 47),0.333570697395029
"145","ADE","1259","ETS",2024 May,N(48, 3111),47.6127406440766
"146","ADE","1259","ETS",2024 Jun,N(48, 3111),47.6127406440766
"147","ADE","1259","ETS",2024 Jul,N(48, 3111),47.6127406440766
"148","ADE","1259","ETS",2024 Aug,N(48, 3111),47.6127406440766
"149","ADE","1259","ETS",2024 Sep,N(48, 3111),47.6127406440766
"150","ADE","1259","ETS",2024 Oct,N(48, 3111),47.6127406440766
"151","ADE","1259","ARIMA",2024 May,N(48, 3037),47.5813953487812
"152","ADE","1259","ARIMA",2024 Jun,N(48, 3037),47.5813953487812
"153","ADE","1259","ARIMA",2024 Jul,N(48, 3037),47.5813953487812
"154","ADE","1259","ARIMA",2024 Aug,N(48, 3037),47.5813953487812
"155","ADE","1259","ARIMA",2024 Sep,N(48, 3037),47.5813953487812
"156","ADE","1259","ARIMA",2024 Oct,N(48, 3037),47.5813953487812
"157","ADE","1260","ETS",2024 May,N(2.5e-06, 11),2.53671663640792e-06
"158","ADE","1260","ETS",2024 Jun,N(2.5e-06, 18),2.53671663640792e-06
"159","ADE","1260","ETS",2024 Jul,N(2.5e-06, 25),2.53671663640792e-06
"160","ADE","1260","ETS",2024 Aug,N(2.5e-06, 32),2.53671663640792e-06
"161","ADE","1260","ETS",2024 Sep,N(2.5e-06, 39),2.53671663640792e-06
"162","ADE","1260","ETS",2024 Oct,N(2.5e-06, 45),2.53671663640792e-06
"163","ADE","1260","ARIMA",2024 May,N(1, 7.5),1.04393717466078
"164","ADE","1260","ARIMA",2024 Jun,N(3.1, 11),3.13181152398234
"165","ADE","1260","ARIMA",2024 Jul,N(0, 13),0
"166","ADE","1260","ARIMA",2024 Aug,N(0.52, 13),0.521968587330389
"167","ADE","1260","ARIMA",2024 Sep,N(0, 14),0
"168","ADE","1260","ARIMA",2024 Oct,N(0, 14),0
"169","ADE","1261","ETS",2024 May,N(196, 8389),195.599066845162
"170","ADE","1261","ETS",2024 Jun,N(196, 8417),195.599066845162
"171","ADE","1261","ETS",2024 Jul,N(196, 8446),195.599066845162
"172","ADE","1261","ETS",2024 Aug,N(196, 8474),195.599066845162
"173","ADE","1261","ETS",2024 Sep,N(196, 8502),195.599066845162
"174","ADE","1261","ETS",2024 Oct,N(196, 8530),195.599066845162
"175","ADE","1261","ARIMA",2024 May,N(204, 8421),204.215183990259
"176","ADE","1261","ARIMA",2024 Jun,N(204, 8486),204.215183990259
"177","ADE","1261","ARIMA",2024 Jul,N(204, 8551),204.215183990259
"178","ADE","1261","ARIMA",2024 Aug,N(204, 8616),204.215183990259
"179","ADE","1261","ARIMA",2024 Sep,N(204, 8681),204.215183990259
"180","ADE","1261","ARIMA",2024 Oct,N(204, 8746),204.215183990259
"181","ADE","1262","ETS",2024 May,N(15, 3373),15.1685639441589
"182","ADE","1262","ETS",2024 Jun,N(15, 3373),15.1685639441589
"183","ADE","1262","ETS",2024 Jul,N(15, 3373),15.1685639441589
"184","ADE","1262","ETS",2024 Aug,N(15, 3373),15.1685639441589
"185","ADE","1262","ETS",2024 Sep,N(15, 3373),15.1685639441589
"186","ADE","1262","ETS",2024 Oct,N(15, 3373),15.1685639441589
"187","ADE","1262","ARIMA",2024 May,N(-9.5, 1983),-9.45391049119417
"188","ADE","1262","ARIMA",2024 Jun,N(0, 3645),0
"189","ADE","1262","ARIMA",2024 Jul,N(0, 3645),0
"190","ADE","1262","ARIMA",2024 Aug,N(0, 3645),0
"191","ADE","1262","ARIMA",2024 Sep,N(0, 3645),0
"192","ADE","1262","ARIMA",2024 Oct,N(0, 3645),0
"193","ADE","1263","ETS",2024 May,N(78, 4480),77.64503953857
"194","ADE","1263","ETS",2024 Jun,N(78, 7033),77.64503953857
"195","ADE","1263","ETS",2024 Jul,N(78, 9586),77.64503953857
"196","ADE","1263","ETS",2024 Aug,N(78, 12139),77.64503953857
"197","ADE","1263","ETS",2024 Sep,N(78, 14692),77.64503953857
"198","ADE","1263","ETS",2024 Oct,N(78, 17245),77.64503953857
"199","ADE","1263","ARIMA",2024 May,N(90, 3886),90.0198536322262
"200","ADE","1263","ARIMA",2024 Jun,N(96, 6256),95.5915232039956
"201","ADE","1263","ARIMA",2024 Jul,N(101, 7700),101.140758225833
"202","ADE","1263","ARIMA",2024 Aug,N(93, 8580),93.4068078190007
"203","ADE","1263","ARIMA",2024 Sep,N(55, 9117),54.5058248725023
"204","ADE","1263","ARIMA",2024 Oct,N(60, 9444),60.2341324604208
"205","ADE","1264","ETS",2024 May,N(44, 365),44.3140575055035
"206","ADE","1264","ETS",2024 Jun,N(42, 342),42.1048852332527
"207","ADE","1264","ETS",2024 Jul,N(46, 432),46.4981404927516
"208","ADE","1264","ETS",2024 Aug,N(78, 1269),78.3898545368197
"209","ADE","1264","ETS",2024 Sep,N(97, 1999),96.7744795390591
"210","ADE","1264","ETS",2024 Oct,N(110, 2661),109.886282617998
"211","ADE","1264","ARIMA",2024 May,N(89, 1357),89.4399684669572
"212","ADE","1264","ARIMA",2024 Jun,N(76, 1831),75.8772984735187
"213","ADE","1264","ARIMA",2024 Jul,N(76, 1831),75.8772984735187
"214","ADE","1264","ARIMA",2024 Aug,N(76, 1831),75.8772984735187
"215","ADE","1264","ARIMA",2024 Sep,N(76, 1831),75.8772984735187
"216","ADE","1264","ARIMA",2024 Oct,N(76, 1831),75.8772984735187
"217","ADE","1271","ETS",2024 May,N(1220, 674955),1219.7316121768
"218","ADE","1271","ETS",2024 Jun,N(1220, 710467),1219.7316121768
"219","ADE","1271","ETS",2024 Jul,N(1220, 745978),1219.7316121768
"220","ADE","1271","ETS",2024 Aug,N(1220, 781490),1219.7316121768
"221","ADE","1271","ETS",2024 Sep,N(1220, 817002),1219.7316121768
"222","ADE","1271","ETS",2024 Oct,N(1220, 852514),1219.7316121768
"223","ADE","1271","ARIMA",2024 May,N(1206, 675406),1206.1450564991
"224","ADE","1271","ARIMA",2024 Jun,N(1206, 716121),1206.1450564991
"225","ADE","1271","ARIMA",2024 Jul,N(1206, 756837),1206.1450564991
"226","ADE","1271","ARIMA",2024 Aug,N(1206, 8e+05),1206.1450564991
"227","ADE","1271","ARIMA",2024 Sep,N(1206, 838267),1206.1450564991
"228","ADE","1271","ARIMA",2024 Oct,N(1206, 878982),1206.1450564991
"229","ADE","1272","ETS",2024 May,N(251, 17205),251.218378110297
"230","ADE","1272","ETS",2024 Jun,N(251, 20923),251.218378110297
"231","ADE","1272","ETS",2024 Jul,N(251, 24641),251.218378110297
"232","ADE","1272","ETS",2024 Aug,N(251, 28360),251.218378110297
"233","ADE","1272","ETS",2024 Sep,N(251, 32078),251.218378110297
"234","ADE","1272","ETS",2024 Oct,N(251, 35796),251.218378110297
"235","ADE","1272","ARIMA",2024 May,N(219, 14764),219.161555231408
"236","ADE","1272","ARIMA",2024 Jun,N(183, 22714),183.036252435328
"237","ADE","1272","ARIMA",2024 Jul,N(205, 36500),204.892262910732
"238","ADE","1272","ARIMA",2024 Aug,N(126, 45100),125.792934802776
"239","ADE","1272","ARIMA",2024 Sep,N(62, 58162),62.0901451431829
"240","ADE","1272","ARIMA",2024 Oct,N(140, 67275),140.153970787103
"241","ADE","1273","ETS",2024 May,N(303, 37609),303.067764074481
"242","ADE","1273","ETS",2024 Jun,N(303, 40123),303.067764074481
"243","ADE","1273","ETS",2024 Jul,N(303, 42636),303.067764074481
"244","ADE","1273","ETS",2024 Aug,N(303, 45149),303.067764074481
"245","ADE","1273","ETS",2024 Sep,N(303, 47662),303.067764074481
"246","ADE","1273","ETS",2024 Oct,N(303, 50175),303.067764074481
"247","ADE","1273","ARIMA",2024 May,N(299, 37631),298.794989112199
"248","ADE","1273","ARIMA",2024 Jun,N(299, 40462),298.794989112199
"249","ADE","1273","ARIMA",2024 Jul,N(299, 43292),298.794989112199
"250","ADE","1273","ARIMA",2024 Aug,N(299, 46123),298.794989112199
"251","ADE","1273","ARIMA",2024 Sep,N(299, 48954),298.794989112199
"252","ADE","1273","ARIMA",2024 Oct,N(299, 51784),298.794989112199
"253","ADE","1274","ETS",2024 May,N(119, 5900),118.518031608484
"254","ADE","1274","ETS",2024 Jun,N(119, 6395),118.518031608484
"255","ADE","1274","ETS",2024 Jul,N(119, 6889),118.518031608484
"256","ADE","1274","ETS",2024 Aug,N(119, 7384),118.518031608484
"257","ADE","1274","ETS",2024 Sep,N(119, 7878),118.518031608484
"258","ADE","1274","ETS",2024 Oct,N(119, 8373),118.518031608484
"259","ADE","1274","ARIMA",2024 May,N(121, 5699),120.771564647583
"260","ADE","1274","ARIMA",2024 Jun,N(100, 5801),99.8849421981442
"261","ADE","1274","ARIMA",2024 Jul,N(100, 6791),99.8849421981442
"262","ADE","1274","ARIMA",2024 Aug,N(100, 7782),99.8849421981442
"263","ADE","1274","ARIMA",2024 Sep,N(100, 8772),99.8849421981442
"264","ADE","1274","ARIMA",2024 Oct,N(100, 9762),99.8849421981442
"265","BRI","1234","ETS",2024 May,N(5125, 4943118),5125.14516298808
"266","BRI","1234","ETS",2024 Jun,N(5125, 4943118),5125.14516298808
"267","BRI","1234","ETS",2024 Jul,N(5125, 4943118),5125.14516298808
"268","BRI","1234","ETS",2024 Aug,N(5125, 4943118),5125.14516298808
"269","BRI","1234","ETS",2024 Sep,N(5125, 4943118),5125.14516298808
"270","BRI","1234","ETS",2024 Oct,N(5125, 4943118),5125.14516298808
"271","BRI","1234","ARIMA",2024 May,N(5128, 4824355),5128.30232558139
"272","BRI","1234","ARIMA",2024 Jun,N(5128, 4824355),5128.30232558139
"273","BRI","1234","ARIMA",2024 Jul,N(5128, 4824355),5128.30232558139
"274","BRI","1234","ARIMA",2024 Aug,N(5128, 4824355),5128.30232558139
"275","BRI","1234","ARIMA",2024 Sep,N(5128, 4824355),5128.30232558139
"276","BRI","1234","ARIMA",2024 Oct,N(5128, 4824355),5128.30232558139
"277","BRI","1235","ETS",2024 May,N(322, 10847),321.66984184577
"278","BRI","1235","ETS",2024 Jun,N(322, 12051),321.66984184577
"279","BRI","1235","ETS",2024 Jul,N(322, 13268),321.66984184577
"280","BRI","1235","ETS",2024 Aug,N(322, 14498),321.66984184577
"281","BRI","1235","ETS",2024 Sep,N(322, 15741),321.66984184577
"282","BRI","1235","ETS",2024 Oct,N(322, 16996),321.66984184577
"283","BRI","1235","ARIMA",2024 May,N(323, 33629),323.271042376151
"284","BRI","1235","ARIMA",2024 Jun,N(327, 50304),327.078362488244
"285","BRI","1235","ARIMA",2024 Jul,N(327, 55180),327.078362488244
"286","BRI","1235","ARIMA",2024 Aug,N(327, 60057),327.078362488244
"287","BRI","1235","ARIMA",2024 Sep,N(327, 64933),327.078362488244
"288","BRI","1235","ARIMA",2024 Oct,N(327, 69809),327.078362488244
"289","BRI","1236","ETS",2024 May,N(372, 21976),371.774390268896
"290","BRI","1236","ETS",2024 Jun,N(372, 42126),371.774390268896
"291","BRI","1236","ETS",2024 Jul,N(372, 64810),371.774390268896
"292","BRI","1236","ETS",2024 Aug,N(372, 90347),371.774390268896
"293","BRI","1236","ETS",2024 Sep,N(372, 119097),371.774390268896
"294","BRI","1236","ETS",2024 Oct,N(372, 151463),371.774390268896
"295","BRI","1236","ARIMA",2024 May,N(468, 3e+05),467.818749751
"296","BRI","1236","ARIMA",2024 Jun,N(468, 312978),467.818749751
"297","BRI","1236","ARIMA",2024 Jul,N(468, 322759),467.818749751
"298","BRI","1236","ARIMA",2024 Aug,N(468, 332540),467.818749751
"299","BRI","1236","ARIMA",2024 Sep,N(468, 342321),467.818749751
"300","BRI","1236","ARIMA",2024 Oct,N(468, 352102),467.818749751
"301","BRI","1238","ETS",2024 May,N(4620, 4677209),4619.77360726265
"302","BRI","1238","ETS",2024 Jun,N(4620, 4677209),4619.77360726265
"303","BRI","1238","ETS",2024 Jul,N(4620, 4677209),4619.77360726265
"304","BRI","1238","ETS",2024 Aug,N(4620, 4677209),4619.77360726265
"305","BRI","1238","ETS",2024 Sep,N(4620, 4677209),4619.77360726265
"306","BRI","1238","ETS",2024 Oct,N(4620, 4677209),4619.77360726265
"307","BRI","1238","ARIMA",2024 May,N(4875, 4163877),4875.23771384068
"308","BRI","1238","ARIMA",2024 Jun,N(4653, 4829295),4652.90564687015
"309","BRI","1238","ARIMA",2024 Jul,N(4653, 4829295),4652.90564687015
"310","BRI","1238","ARIMA",2024 Aug,N(4653, 4829295),4652.90564687015
"311","BRI","1238","ARIMA",2024 Sep,N(4653, 4829295),4652.90564687015
"312","BRI","1238","ARIMA",2024 Oct,N(4653, 4829295),4652.90564687015
"313","BRI","1239","ETS",2024 May,N(736, 70897),735.998353849308
"314","BRI","1239","ETS",2024 Jun,N(753, 70897),753.262123857997
"315","BRI","1239","ETS",2024 Jul,N(771, 70897),770.525893866687
"316","BRI","1239","ETS",2024 Aug,N(788, 70897),787.789663875376
"317","BRI","1239","ETS",2024 Sep,N(805, 70897),805.053433884066
"318","BRI","1239","ETS",2024 Oct,N(822, 70897),822.317203892755
"319","BRI","1239","ARIMA",2024 May,N(650, 78958),649.533587788482
"320","BRI","1239","ARIMA",2024 Jun,N(650, 84576),649.533587788482
"321","BRI","1239","ARIMA",2024 Jul,N(650, 90195),649.533587788482
"322","BRI","1239","ARIMA",2024 Aug,N(650, 95814),649.533587788482
"323","BRI","1239","ARIMA",2024 Sep,N(650, 1e+05),649.533587788482
"324","BRI","1239","ARIMA",2024 Oct,N(650, 107052),649.533587788482
"325","BRI","1246","ETS",2024 May,N(785, 814162),785.13742520973
"326","BRI","1246","ETS",2024 Jun,N(785, 935244),785.13742520973
"327","BRI","1246","ETS",2024 Jul,N(785, 1056327),785.13742520973
"328","BRI","1246","ETS",2024 Aug,N(785, 1177409),785.13742520973
"329","BRI","1246","ETS",2024 Sep,N(785, 1298492),785.13742520973
"330","BRI","1246","ETS",2024 Oct,N(785, 1419574),785.13742520973
"331","BRI","1246","ARIMA",2024 May,N(49, 715112),48.9732840868322
"332","BRI","1246","ARIMA",2024 Jun,N(826, 913552),826.425062511644
"333","BRI","1246","ARIMA",2024 Jul,N(826, 913552),826.425062511644
"334","BRI","1246","ARIMA",2024 Aug,N(826, 913552),826.425062511644
"335","BRI","1246","ARIMA",2024 Sep,N(826, 913552),826.425062511644
"336","BRI","1246","ARIMA",2024 Oct,N(826, 913552),826.425062511644
"337","BRI","1247","ETS",2024 May,N(1051, 738506),1050.66671627457
"338","BRI","1247","ETS",2024 Jun,N(1051, 743626),1050.66671627457
"339","BRI","1247","ETS",2024 Jul,N(1051, 748747),1050.66671627457
"340","BRI","1247","ETS",2024 Aug,N(1051, 753868),1050.66671627457
"341","BRI","1247","ETS",2024 Sep,N(1051, 758988),1050.66671627457
"342","BRI","1247","ETS",2024 Oct,N(1051, 764109),1050.66671627457
"343","BRI","1247","ARIMA",2024 May,N(828, 712792),827.93023255814
"344","BRI","1247","ARIMA",2024 Jun,N(828, 712792),827.93023255814
"345","BRI","1247","ARIMA",2024 Jul,N(828, 712792),827.93023255814
"346","BRI","1247","ARIMA",2024 Aug,N(828, 712792),827.93023255814
"347","BRI","1247","ARIMA",2024 Sep,N(828, 712792),827.93023255814
"348","BRI","1247","ARIMA",2024 Oct,N(828, 712792),827.93023255814
"349","BRI","1248","ETS",2024 May,N(312, 33219),312.43536124999
"350","BRI","1248","ETS",2024 Jun,N(312, 34647),312.43536124999
"351","BRI","1248","ETS",2024 Jul,N(312, 36075),312.43536124999
"352","BRI","1248","ETS",2024 Aug,N(312, 37502),312.43536124999
"353","BRI","1248","ETS",2024 Sep,N(312, 38930),312.43536124999
"354","BRI","1248","ETS",2024 Oct,N(312, 40358),312.43536124999
"355","BRI","1248","ARIMA",2024 May,N(291, 31426),290.917885439696
"356","BRI","1248","ARIMA",2024 Jun,N(226, 33947),226.035563085698
"357","BRI","1248","ARIMA",2024 Jul,N(208, 34150),207.659114264593
"358","BRI","1248","ARIMA",2024 Aug,N(202, 34166),202.454401192945
"359","BRI","1248","ARIMA",2024 Sep,N(201, 34167),200.980284054106
"360","BRI","1248","ARIMA",2024 Oct,N(201, 34167),200.562773749676
"361","BRI","1255","ETS",2024 May,N(107, 14680),106.5814778731
"362","BRI","1255","ETS",2024 Jun,N(107, 14680),106.5814778731
"363","BRI","1255","ETS",2024 Jul,N(107, 14680),106.5814778731
"364","BRI","1255","ETS",2024 Aug,N(107, 14680),106.5814778731
"365","BRI","1255","ETS",2024 Sep,N(107, 14680),106.5814778731
"366","BRI","1255","ETS",2024 Oct,N(107, 14680),106.5814778731
"367","BRI","1255","ARIMA",2024 May,N(197, 11997),196.722121106858
"368","BRI","1255","ARIMA",2024 Jun,N(235, 11997),234.68796307567
"369","BRI","1255","ARIMA",2024 Jul,N(182, 11997),181.535784319334
"370","BRI","1255","ARIMA",2024 Aug,N(125, 11997),124.587021366117
"371","BRI","1255","ARIMA",2024 Sep,N(83, 11997),82.8245952004244
"372","BRI","1255","ARIMA",2024 Oct,N(87, 11997),86.6211793973055
"373","BRI","1256","ETS",2024 May,N(620, 272752),619.581991145814
"374","BRI","1256","ETS",2024 Jun,N(620, 272752),619.581991145814
"375","BRI","1256","ETS",2024 Jul,N(620, 272752),619.581991145814
"376","BRI","1256","ETS",2024 Aug,N(620, 272752),619.581991145814
"377","BRI","1256","ETS",2024 Sep,N(620, 272752),619.581991145814
"378","BRI","1256","ETS",2024 Oct,N(620, 272752),619.581991145814
"379","BRI","1256","ARIMA",2024 May,N(930, 232203),930.25278036736
"380","BRI","1256","ARIMA",2024 Jun,N(799, 232203),798.779504970383
"381","BRI","1256","ARIMA",2024 Jul,N(718, 232203),718.199110372235
"382","BRI","1256","ARIMA",2024 Aug,N(684, 232203),684.270523173015
"383","BRI","1256","ARIMA",2024 Sep,N(629, 232203),629.136568974283
"384","BRI","1256","ARIMA",2024 Oct,N(485, 232203),484.940073377598
"385","BRI","1257","ETS",2024 May,N(451, 26249),450.503975708072
"386","BRI","1257","ETS",2024 Jun,N(762, 26249),761.993551254706
"387","BRI","1257","ETS",2024 Jul,N(338, 26249),337.537148054383
"388","BRI","1257","ETS",2024 Aug,N(295, 26249),295.383381212894
"389","BRI","1257","ETS",2024 Sep,N(329, 26249),329.3251140023
"390","BRI","1257","ETS",2024 Oct,N(108, 26249),107.615040045855
"391","BRI","1257","ARIMA",2024 May,N(546, 37799),546
"392","BRI","1257","ARIMA",2024 Jun,N(456, 37799),456
"393","BRI","1257","ARIMA",2024 Jul,N(378, 37799),378
"394","BRI","1257","ARIMA",2024 Aug,N(354, 37799),354
"395","BRI","1257","ARIMA",2024 Sep,N(276, 37799),276
"396","BRI","1257","ARIMA",2024 Oct,N(60, 37799),60
"397","BRI","1258","ETS",2024 May,N(67, 13129),67.1955722239068
"398","BRI","1258","ETS",2024 Jun,N(67, 13129),67.1955722239068
"399","BRI","1258","ETS",2024 Jul,N(67, 13129),67.1955722239068
"400","BRI","1258","ETS",2024 Aug,N(67, 13129),67.1955722239068
"401","BRI","1258","ETS",2024 Sep,N(67, 13129),67.1955722239068
"402","BRI","1258","ETS",2024 Oct,N(67, 13129),67.1955722239068
"403","BRI","1258","ARIMA",2024 May,N(67, 12815),67.1860465116279
"404","BRI","1258","ARIMA",2024 Jun,N(67, 12815),67.1860465116279
"405","BRI","1258","ARIMA",2024 Jul,N(67, 12815),67.1860465116279
"406","BRI","1258","ARIMA",2024 Aug,N(67, 12815),67.1860465116279
"407","BRI","1258","ARIMA",2024 Sep,N(67, 12815),67.1860465116279
"408","BRI","1258","ARIMA",2024 Oct,N(67, 12815),67.1860465116279
"409","BRI","1259","ETS",2024 May,N(174, 30535),173.816065826987
"410","BRI","1259","ETS",2024 Jun,N(174, 30535),173.816065826987
"411","BRI","1259","ETS",2024 Jul,N(174, 30535),173.816065826987
"412","BRI","1259","ETS",2024 Aug,N(174, 30535),173.816065826987
"413","BRI","1259","ETS",2024 Sep,N(174, 30535),173.816065826987
"414","BRI","1259","ETS",2024 Oct,N(174, 30535),173.816065826987
"415","BRI","1259","ARIMA",2024 May,N(274, 23333),274.095111016825
"416","BRI","1259","ARIMA",2024 Jun,N(258, 23333),258.455157070911
"417","BRI","1259","ARIMA",2024 Jul,N(208, 23333),208.407304443987
"418","BRI","1259","ARIMA",2024 Aug,N(227, 23333),227.175249179084
"419","BRI","1259","ARIMA",2024 Sep,N(127, 23333),127.079543925236
"420","BRI","1259","ARIMA",2024 Oct,N(133, 23333),133.335525503601
"421","BRI","1260","ETS",2024 May,N(65, 9292),65.308993579888
"422","BRI","1260","ETS",2024 Jun,N(65, 9292),65.308993579888
"423","BRI","1260","ETS",2024 Jul,N(65, 9292),65.308993579888
"424","BRI","1260","ETS",2024 Aug,N(65, 9292),65.308993579888
"425","BRI","1260","ETS",2024 Sep,N(65, 9292),65.308993579888
"426","BRI","1260","ETS",2024 Oct,N(65, 9292),65.308993579888
"427","BRI","1260","ARIMA",2024 May,N(66, 9070),66.1162790697675
"428","BRI","1260","ARIMA",2024 Jun,N(66, 9070),66.1162790697675
"429","BRI","1260","ARIMA",2024 Jul,N(66, 9070),66.1162790697675
"430","BRI","1260","ARIMA",2024 Aug,N(66, 9070),66.1162790697675
"431","BRI","1260","ARIMA",2024 Sep,N(66, 9070),66.1162790697675
"432","BRI","1260","ARIMA",2024 Oct,N(66, 9070),66.1162790697675
"433","BRI","1261","ETS",2024 May,N(722, 105776),721.951320462211
"434","BRI","1261","ETS",2024 Jun,N(722, 105776),721.951320462211
"435","BRI","1261","ETS",2024 Jul,N(722, 105776),721.951320462211
"436","BRI","1261","ETS",2024 Aug,N(722, 105776),721.951320462211
"437","BRI","1261","ETS",2024 Sep,N(722, 105776),721.951320462211
"438","BRI","1261","ETS",2024 Oct,N(722, 105776),721.951320462211
"439","BRI","1261","ARIMA",2024 May,N(807, 81415),806.998767093991
"440","BRI","1261","ARIMA",2024 Jun,N(746, 81415),745.8680116716
"441","BRI","1261","ARIMA",2024 Jul,N(721, 81415),721.415709502644
"442","BRI","1261","ARIMA",2024 Aug,N(894, 81415),893.940285916947
"443","BRI","1261","ARIMA",2024 Sep,N(844, 81415),843.677220347425
"444","BRI","1261","ARIMA",2024 Oct,N(894, 81415),893.940285916947
"445","BRI","1262","ETS",2024 May,N(103, 18765),103.425763340417
"446","BRI","1262","ETS",2024 Jun,N(103, 19194),103.425763340417
"447","BRI","1262","ETS",2024 Jul,N(103, 19624),103.425763340417
"448","BRI","1262","ETS",2024 Aug,N(103, 20053),103.425763340417
"449","BRI","1262","ETS",2024 Sep,N(103, 20483),103.425763340417
"450","BRI","1262","ETS",2024 Oct,N(103, 20912),103.425763340417
"451","BRI","1262","ARIMA",2024 May,N(112, 16474),111.730984067845
"452","BRI","1262","ARIMA",2024 Jun,N(97, 21778),96.7079525020079
"453","BRI","1262","ARIMA",2024 Jul,N(97, 22077),96.7079525020079
"454","BRI","1262","ARIMA",2024 Aug,N(97, 22375),96.7079525020079
"455","BRI","1262","ARIMA",2024 Sep,N(97, 22674),96.7079525020079
"456","BRI","1262","ARIMA",2024 Oct,N(97, 22973),96.7079525020079
"457","BRI","1263","ETS",2024 May,N(206, 9769),205.741627855127
"458","BRI","1263","ETS",2024 Jun,N(233, 12559),233.283367270579
"459","BRI","1263","ETS",2024 Jul,N(178, 7335),178.27878945241
"460","BRI","1263","ETS",2024 Aug,N(313, 22573),312.749942812257
"461","BRI","1263","ETS",2024 Sep,N(380, 33322),379.991285131679
"462","BRI","1263","ETS",2024 Oct,N(292, 19739),292.458754405011
"463","BRI","1263","ARIMA",2024 May,N(262, 32170),261.953488372093
"464","BRI","1263","ARIMA",2024 Jun,N(262, 32170),261.953488372093
"465","BRI","1263","ARIMA",2024 Jul,N(262, 32170),261.953488372093
"466","BRI","1263","ARIMA",2024 Aug,N(262, 32170),261.953488372093
"467","BRI","1263","ARIMA",2024 Sep,N(262, 32170),261.953488372093
"468","BRI","1263","ARIMA",2024 Oct,N(262, 32170),261.953488372093
"469","BRI","1264","ETS",2024 May,N(245, 12851),245.358315331761
"470","BRI","1264","ETS",2024 Jun,N(251, 13435),250.870912727159
"471","BRI","1264","ETS",2024 Jul,N(170, 6184),170.19822913791
"472","BRI","1264","ETS",2024 Aug,N(538, 61821),538.141444021554
"473","BRI","1264","ETS",2024 Sep,N(333, 23687),333.108204326842
"474","BRI","1264","ETS",2024 Oct,N(507, 54797),506.649852580887
"475","BRI","1264","ARIMA",2024 May,N(310, 30016),310.148495205657
"476","BRI","1264","ARIMA",2024 Jun,N(296, 30016),295.681555471163
"477","BRI","1264","ARIMA",2024 Jul,N(250, 30016),249.934746040466
"478","BRI","1264","ARIMA",2024 Aug,N(370, 30016),369.580247628443
"479","BRI","1264","ARIMA",2024 Sep,N(273, 30016),273.003649941416
"480","BRI","1264","ARIMA",2024 Oct,N(379, 30016),379.355206908507
"481","BRI","1271","ETS",2024 May,N(6906, 5e+06),6906.46533462038
"482","BRI","1271","ETS",2024 Jun,N(6906, 5785952),6906.46533462038
"483","BRI","1271","ETS",2024 Jul,N(6906, 6547097),6906.46533462038
"484","BRI","1271","ETS",2024 Aug,N(6906, 7308243),6906.46533462038
"485","BRI","1271","ETS",2024 Sep,N(6906, 8069389),6906.46533462038
"486","BRI","1271","ETS",2024 Oct,N(6906, 8830535),6906.46533462038
"487","BRI","1271","ARIMA",2024 May,N(7643, 4735494),7642.74653922438
"488","BRI","1271","ARIMA",2024 Jun,N(7184, 5e+06),7183.52651845916
"489","BRI","1271","ARIMA",2024 Jul,N(7184, 6394381),7183.52651845916
"490","BRI","1271","ARIMA",2024 Aug,N(7184, 7819979),7183.52651845916
"491","BRI","1271","ARIMA",2024 Sep,N(7184, 9245577),7183.52651845916
"492","BRI","1271","ARIMA",2024 Oct,N(7184, 1.1e+07),7183.52651845916
"493","BRI","1272","ETS",2024 May,N(745, 154383),745.312952897241
"494","BRI","1272","ETS",2024 Jun,N(745, 207986),745.312952897241
"495","BRI","1272","ETS",2024 Jul,N(745, 261588),745.312952897241
"496","BRI","1272","ETS",2024 Aug,N(745, 315191),745.312952897241
"497","BRI","1272","ETS",2024 Sep,N(745, 368793),745.312952897241
"498","BRI","1272","ETS",2024 Oct,N(745, 422395),745.312952897241
"499","BRI","1272","ARIMA",2024 May,N(868, 145377),867.72220305515
"500","BRI","1272","ARIMA",2024 Jun,N(586, 183136),586.391291706043
"501","BRI","1272","ARIMA",2024 Jul,N(724, 264931),724.344958583584
"502","BRI","1272","ARIMA",2024 Aug,N(657, 323032),656.697880224166
"503","BRI","1272","ARIMA",2024 Sep,N(690, 392246),689.869359563149
"504","BRI","1272","ARIMA",2024 Oct,N(674, 455890),673.603364516175
"505","BRI","1273","ETS",2024 May,N(1331, 232294),1330.96610013637
"506","BRI","1273","ETS",2024 Jun,N(1331, 274933),1330.96610013637
"507","BRI","1273","ETS",2024 Jul,N(1331, 317571),1330.96610013637
"508","BRI","1273","ETS",2024 Aug,N(1331, 360210),1330.96610013637
"509","BRI","1273","ETS",2024 Sep,N(1331, 4e+05),1330.96610013637
"510","BRI","1273","ETS",2024 Oct,N(1331, 445487),1330.96610013637
"511","BRI","1273","ARIMA",2024 May,N(1325, 232348),1325.24916793467
"512","BRI","1273","ARIMA",2024 Jun,N(1325, 277328),1325.24916793467
"513","BRI","1273","ARIMA",2024 Jul,N(1325, 322308),1325.24916793467
"514","BRI","1273","ARIMA",2024 Aug,N(1325, 367289),1325.24916793467
"515","BRI","1273","ARIMA",2024 Sep,N(1325, 412269),1325.24916793467
"516","BRI","1273","ARIMA",2024 Oct,N(1325, 457249),1325.24916793467
"517","BRI","1274","ETS",2024 May,N(607, 28279),606.728075981274
"518","BRI","1274","ETS",2024 Jun,N(607, 37297),606.728075981274
"519","BRI","1274","ETS",2024 Jul,N(607, 46315),606.728075981274
"520","BRI","1274","ETS",2024 Aug,N(607, 55334),606.728075981274
"521","BRI","1274","ETS",2024 Sep,N(607, 64352),606.728075981274
"522","BRI","1274","ETS",2024 Oct,N(607, 73371),606.728075981274
"523","BRI","1274","ARIMA",2024 May,N(630, 25916),630.433842380949
"524","BRI","1274","ARIMA",2024 Jun,N(568, 31283),568.07620294253
"525","BRI","1274","ARIMA",2024 Jul,N(602, 45939),602.056318574645
"526","BRI","1274","ARIMA",2024 Aug,N(584, 54966),583.539770020684
"527","BRI","1274","ARIMA",2024 Sep,N(594, 66893),593.629864300032
"528","BRI","1274","ARIMA",2024 Oct,N(588, 77190),588.131539260166
"529","MEL","1234","ETS",2024 May,N(3455, 3496081),3455.29133880435
"530","MEL","1234","ETS",2024 Jun,N(3455, 3496081),3455.29133880435
"531","MEL","1234","ETS",2024 Jul,N(3455, 3496081),3455.29133880435
"532","MEL","1234","ETS",2024 Aug,N(3455, 3496081),3455.29133880435
"533","MEL","1234","ETS",2024 Sep,N(3455, 3496081),3455.29133880435
"534","MEL","1234","ETS",2024 Oct,N(3455, 3496081),3455.29133880435
"535","MEL","1234","ARIMA",2024 May,N(3089, 2816560),3088.83009633988
"536","MEL","1234","ARIMA",2024 Jun,N(3421, 4544305),3421.29473070743
"537","MEL","1234","ARIMA",2024 Jul,N(3421, 4544305),3421.29473070743
"538","MEL","1234","ARIMA",2024 Aug,N(3421, 4544305),3421.29473070743
"539","MEL","1234","ARIMA",2024 Sep,N(3421, 4544305),3421.29473070743
"540","MEL","1234","ARIMA",2024 Oct,N(3421, 4544305),3421.29473070743
"541","MEL","1235","ETS",2024 May,N(664, 146607),664.334609728092
"542","MEL","1235","ETS",2024 Jun,N(664, 166479),664.334609728092
"543","MEL","1235","ETS",2024 Jul,N(664, 186352),664.334609728092
"544","MEL","1235","ETS",2024 Aug,N(664, 206224),664.334609728092
"545","MEL","1235","ETS",2024 Sep,N(664, 226097),664.334609728092
"546","MEL","1235","ETS",2024 Oct,N(664, 245969),664.334609728092
"547","MEL","1235","ARIMA",2024 May,N(668, 146663),668.395352030297
"548","MEL","1235","ARIMA",2024 Jun,N(668, 168287),668.395352030297
"549","MEL","1235","ARIMA",2024 Jul,N(668, 189910),668.395352030297
"550","MEL","1235","ARIMA",2024 Aug,N(668, 211534),668.395352030297
"551","MEL","1235","ARIMA",2024 Sep,N(668, 233157),668.395352030297
"552","MEL","1235","ARIMA",2024 Oct,N(668, 254781),668.395352030297
"553","MEL","1236","ETS",2024 May,N(738, 91144),738.085019793134
"554","MEL","1236","ETS",2024 Jun,N(738, 107512),738.085019793134
"555","MEL","1236","ETS",2024 Jul,N(738, 124302),738.085019793134
"556","MEL","1236","ETS",2024 Aug,N(738, 141524),738.085019793134
"557","MEL","1236","ETS",2024 Sep,N(738, 159189),738.085019793134
"558","MEL","1236","ETS",2024 Oct,N(738, 177309),738.085019793134
"559","MEL","1236","ARIMA",2024 May,N(677, 142392),676.838341178421
"560","MEL","1236","ARIMA",2024 Jun,N(731, 250490),730.785393320313
"561","MEL","1236","ARIMA",2024 Jul,N(678, 392076),678.026203387077
"562","MEL","1236","ARIMA",2024 Aug,N(730, 5e+05),729.623686695155
"563","MEL","1236","ARIMA",2024 Sep,N(679, 641681),679.162330349534
"564","MEL","1236","ARIMA",2024 Oct,N(729, 751128),728.512576155827
"565","MEL","1238","ETS",2024 May,N(4568, 5493794),4568.23869821883
"566","MEL","1238","ETS",2024 Jun,N(4514, 5365019),4514.38104334623
"567","MEL","1238","ETS",2024 Jul,N(4461, 5237771),4460.52338847364
"568","MEL","1238","ETS",2024 Aug,N(4407, 5112051),4406.66573360104
"569","MEL","1238","ETS",2024 Sep,N(4353, 5e+06),4352.80807872844
"570","MEL","1238","ETS",2024 Oct,N(4299, 4865194),4298.95042385584
"571","MEL","1238","ARIMA",2024 May,N(5772, 8549811),5771.50069634834
"572","MEL","1238","ARIMA",2024 Jun,N(6589, 8549811),6588.86231616856
"573","MEL","1238","ARIMA",2024 Jul,N(6718, 8549811),6718.02437254476
"574","MEL","1238","ARIMA",2024 Aug,N(6091, 8549811),6090.61141200979
"575","MEL","1238","ARIMA",2024 Sep,N(5076, 8549811),5075.52578591055
"576","MEL","1238","ARIMA",2024 Oct,N(6093, 8549571),6092.70388191397
"577","MEL","1239","ETS",2024 May,N(930, 110777),930.398969215856
"578","MEL","1239","ETS",2024 Jun,N(952, 110777),952.126343096315
"579","MEL","1239","ETS",2024 Jul,N(974, 110777),973.853716976774
"580","MEL","1239","ETS",2024 Aug,N(996, 110777),995.581090857233
"581","MEL","1239","ETS",2024 Sep,N(1017, 110777),1017.30846473769
"582","MEL","1239","ETS",2024 Oct,N(1039, 110777),1039.03583861815
"583","MEL","1239","ARIMA",2024 May,N(865, 121421),865.184902668466
"584","MEL","1239","ARIMA",2024 Jun,N(865, 132048),865.184902668466
"585","MEL","1239","ARIMA",2024 Jul,N(865, 142675),865.184902668466
"586","MEL","1239","ARIMA",2024 Aug,N(865, 153302),865.184902668466
"587","MEL","1239","ARIMA",2024 Sep,N(865, 163929),865.184902668466
"588","MEL","1239","ARIMA",2024 Oct,N(865, 174555),865.184902668466
"589","MEL","1246","ETS",2024 May,N(977, 188052),976.518016431021
"590","MEL","1246","ETS",2024 Jun,N(977, 3e+05),976.518016431021
"591","MEL","1246","ETS",2024 Jul,N(977, 4e+05),976.518016431021
"592","MEL","1246","ETS",2024 Aug,N(977, 511954),976.518016431021
"593","MEL","1246","ETS",2024 Sep,N(977, 619921),976.518016431021
"594","MEL","1246","ETS",2024 Oct,N(977, 727888),976.518016431021
"595","MEL","1246","ARIMA",2024 May,N(794, 154352),793.908973158705
"596","MEL","1246","ARIMA",2024 Jun,N(673, 2e+05),673.122830757363
"597","MEL","1246","ARIMA",2024 Jul,N(609, 210978),608.594430846833
"598","MEL","1246","ARIMA",2024 Aug,N(574, 214567),574.120986193079
"599","MEL","1246","ARIMA",2024 Sep,N(556, 215591),555.704004089954
"600","MEL","1246","ARIMA",2024 Oct,N(546, 215883),545.86497485474
"601","MEL","1247","ETS",2024 May,N(571, 70559),571.020058317523
"602","MEL","1247","ETS",2024 Jun,N(571, 73570),571.020058317523
"603","MEL","1247","ETS",2024 Jul,N(571, 76581),571.020058317523
"604","MEL","1247","ETS",2024 Aug,N(571, 79593),571.020058317523
"605","MEL","1247","ETS",2024 Sep,N(571, 82604),571.020058317523
"606","MEL","1247","ETS",2024 Oct,N(571, 85615),571.020058317523
"607","MEL","1247","ARIMA",2024 May,N(610, 63059),610.027592762198
"608","MEL","1247","ARIMA",2024 Jun,N(644, 67211),644.057431093347
"609","MEL","1247","ARIMA",2024 Jul,N(600, 71363),599.986440362686
"610","MEL","1247","ARIMA",2024 Aug,N(534, 75515),534.452176616068
"611","MEL","1247","ARIMA",2024 Sep,N(537, 79667),536.794259665209
"612","MEL","1247","ARIMA",2024 Oct,N(595, 83800),594.747209189942
"613","MEL","1248","ETS",2024 May,N(189, 36402),189.225656305014
"614","MEL","1248","ETS",2024 Jun,N(189, 36402),189.225656305014
"615","MEL","1248","ETS",2024 Jul,N(189, 36402),189.225656305014
"616","MEL","1248","ETS",2024 Aug,N(189, 36402),189.225656305014
"617","MEL","1248","ETS",2024 Sep,N(189, 36402),189.225656305014
"618","MEL","1248","ETS",2024 Oct,N(189, 36402),189.225656305014
"619","MEL","1248","ARIMA",2024 May,N(189, 35531),189.209302325581
"620","MEL","1248","ARIMA",2024 Jun,N(189, 35531),189.209302325581
"621","MEL","1248","ARIMA",2024 Jul,N(189, 35531),189.209302325581
"622","MEL","1248","ARIMA",2024 Aug,N(189, 35531),189.209302325581
"623","MEL","1248","ARIMA",2024 Sep,N(189, 35531),189.209302325581
"624","MEL","1248","ARIMA",2024 Oct,N(189, 35531),189.209302325581
"625","MEL","1255","ETS",2024 May,N(185, 33215),184.527444595342
"626","MEL","1255","ETS",2024 Jun,N(185, 33215),184.527444595342
"627","MEL","1255","ETS",2024 Jul,N(185, 33215),184.527444595342
"628","MEL","1255","ETS",2024 Aug,N(185, 33215),184.527444595342
"629","MEL","1255","ETS",2024 Sep,N(185, 33215),184.527444595342
"630","MEL","1255","ETS",2024 Oct,N(185, 33215),184.527444595342
"631","MEL","1255","ARIMA",2024 May,N(333, 23650),332.849899742884
"632","MEL","1255","ARIMA",2024 Jun,N(233, 23650),232.730940030195
"633","MEL","1255","ARIMA",2024 Jul,N(237, 23650),237.498509540323
"634","MEL","1255","ARIMA",2024 Aug,N(198, 23650),197.570114893
"635","MEL","1255","ARIMA",2024 Sep,N(166, 23650),165.984966888402
"636","MEL","1255","ARIMA",2024 Oct,N(114, 23650),113.541702276993
"637","MEL","1256","ETS",2024 May,N(856, 4e+05),856.407586079897
"638","MEL","1256","ETS",2024 Jun,N(856, 506305),856.407586079897
"639","MEL","1256","ETS",2024 Jul,N(856, 611985),856.407586079897
"640","MEL","1256","ETS",2024 Aug,N(856, 717666),856.407586079897
"641","MEL","1256","ETS",2024 Sep,N(856, 823346),856.407586079897
"642","MEL","1256","ETS",2024 Oct,N(856, 929026),856.407586079897
"643","MEL","1256","ARIMA",2024 May,N(789, 3e+05),789.454178298544
"644","MEL","1256","ARIMA",2024 Jun,N(766, 3e+05),766.168564830666
"645","MEL","1256","ARIMA",2024 Jul,N(715, 3e+05),714.940215201334
"646","MEL","1256","ARIMA",2024 Aug,N(729, 3e+05),728.911583282061
"647","MEL","1256","ARIMA",2024 Sep,N(799, 3e+05),798.768423685696
"648","MEL","1256","ARIMA",2024 Oct,N(608, 3e+05),608.292105518452
"649","MEL","1257","ETS",2024 May,N(249, 29649),249.416649998602
"650","MEL","1257","ETS",2024 Jun,N(249, 29649),249.416649998602
"651","MEL","1257","ETS",2024 Jul,N(249, 29649),249.416649998602
"652","MEL","1257","ETS",2024 Aug,N(249, 29649),249.416649998602
"653","MEL","1257","ETS",2024 Sep,N(249, 29649),249.416649998602
"654","MEL","1257","ETS",2024 Oct,N(249, 29649),249.416649998602
"655","MEL","1257","ARIMA",2024 May,N(249, 28940),249.395348836979
"656","MEL","1257","ARIMA",2024 Jun,N(249, 28940),249.395348836979
"657","MEL","1257","ARIMA",2024 Jul,N(249, 28940),249.395348836979
"658","MEL","1257","ARIMA",2024 Aug,N(249, 28940),249.395348836979
"659","MEL","1257","ARIMA",2024 Sep,N(249, 28940),249.395348836979
"660","MEL","1257","ARIMA",2024 Oct,N(249, 28940),249.395348836979
"661","MEL","1258","ETS",2024 May,N(53, 12550),52.5100234744273
"662","MEL","1258","ETS",2024 Jun,N(53, 12550),52.5100234744273
"663","MEL","1258","ETS",2024 Jul,N(53, 12550),52.5100234744273
"664","MEL","1258","ETS",2024 Aug,N(53, 12550),52.5100234744273
"665","MEL","1258","ETS",2024 Sep,N(53, 12550),52.5100234744273
"666","MEL","1258","ETS",2024 Oct,N(53, 12550),52.5100234744273
"667","MEL","1258","ARIMA",2024 May,N(52, 12250),52.4883720931732
"668","MEL","1258","ARIMA",2024 Jun,N(52, 12250),52.4883720931732
"669","MEL","1258","ARIMA",2024 Jul,N(52, 12250),52.4883720931732
"670","MEL","1258","ARIMA",2024 Aug,N(52, 12250),52.4883720931732
"671","MEL","1258","ARIMA",2024 Sep,N(52, 12250),52.4883720931732
"672","MEL","1258","ARIMA",2024 Oct,N(52, 12250),52.4883720931732
"673","MEL","1259","ETS",2024 May,N(247, 45480),246.592709002748
"674","MEL","1259","ETS",2024 Jun,N(247, 45480),246.592709002748
"675","MEL","1259","ETS",2024 Jul,N(247, 45480),246.592709002748
"676","MEL","1259","ETS",2024 Aug,N(247, 45480),246.592709002748
"677","MEL","1259","ETS",2024 Sep,N(247, 45480),246.592709002748
"678","MEL","1259","ETS",2024 Oct,N(247, 45480),246.592709002748
"679","MEL","1259","ARIMA",2024 May,N(247, 44393),246.53488372093
"680","MEL","1259","ARIMA",2024 Jun,N(247, 44393),246.53488372093
"681","MEL","1259","ARIMA",2024 Jul,N(247, 44393),246.53488372093
"682","MEL","1259","ARIMA",2024 Aug,N(247, 44393),246.53488372093
"683","MEL","1259","ARIMA",2024 Sep,N(247, 44393),246.53488372093
"684","MEL","1259","ARIMA",2024 Oct,N(247, 44393),246.53488372093
"685","MEL","1260","ETS",2024 May,N(91, 23574),91.0840808852344
"686","MEL","1260","ETS",2024 Jun,N(91, 23574),91.0840808852344
"687","MEL","1260","ETS",2024 Jul,N(91, 23574),91.0840808852344
"688","MEL","1260","ETS",2024 Aug,N(91, 23574),91.0840808852344
"689","MEL","1260","ETS",2024 Sep,N(91, 23574),91.0840808852344
"690","MEL","1260","ETS",2024 Oct,N(91, 23574),91.0840808852344
"691","MEL","1260","ARIMA",2024 May,N(35, 20121),35.0741551656412
"692","MEL","1260","ARIMA",2024 Jun,N(79, 22834),78.7515636680921
"693","MEL","1260","ARIMA",2024 Jul,N(76, 22834),75.6599039558447
"694","MEL","1260","ARIMA",2024 Aug,N(112, 22834),111.916640581291
"695","MEL","1260","ARIMA",2024 Sep,N(79, 22834),78.7515636680921
"696","MEL","1260","ARIMA",2024 Oct,N(111, 22834),111.35452063361
"697","MEL","1261","ETS",2024 May,N(563, 69213),562.875992207339
"698","MEL","1261","ETS",2024 Jun,N(563, 69213),562.875992207339
"699","MEL","1261","ETS",2024 Jul,N(563, 69213),562.875992207339
"700","MEL","1261","ETS",2024 Aug,N(563, 69213),562.875992207339
"701","MEL","1261","ETS",2024 Sep,N(563, 69213),562.875992207339
"702","MEL","1261","ETS",2024 Oct,N(563, 69213),562.875992207339
"703","MEL","1261","ARIMA",2024 May,N(595, 62136),594.584092885666
"704","MEL","1261","ARIMA",2024 Jun,N(468, 62136),468.2673263666
"705","MEL","1261","ARIMA",2024 Jul,N(499, 62136),499.164952709393
"706","MEL","1261","ARIMA",2024 Aug,N(571, 62136),570.956496270589
"707","MEL","1261","ARIMA",2024 Sep,N(630, 62136),630.025487808282
"708","MEL","1261","ARIMA",2024 Oct,N(605, 62136),604.883301666598
"709","MEL","1262","ETS",2024 May,N(48, 35486),48.3989918723563
"710","MEL","1262","ETS",2024 Jun,N(48, 35486),48.3989918723563
"711","MEL","1262","ETS",2024 Jul,N(48, 35486),48.3989918723563
"712","MEL","1262","ETS",2024 Aug,N(48, 35486),48.3989918723563
"713","MEL","1262","ETS",2024 Sep,N(48, 35486),48.3989918723563
"714","MEL","1262","ETS",2024 Oct,N(48, 35486),48.3989918723563
"715","MEL","1262","ARIMA",2024 May,N(24, 25546),24.3771048010701
"716","MEL","1262","ARIMA",2024 Jun,N(0, 35555),0
"717","MEL","1262","ARIMA",2024 Jul,N(0, 35555),0
"718","MEL","1262","ARIMA",2024 Aug,N(0, 35555),0
"719","MEL","1262","ARIMA",2024 Sep,N(0, 35555),0
"720","MEL","1262","ARIMA",2024 Oct,N(0, 35555),0
"721","MEL","1263","ETS",2024 May,N(121, 4964),121.261231315161
"722","MEL","1263","ETS",2024 Jun,N(171, 10000),171.050690651305
"723","MEL","1263","ETS",2024 Jul,N(154, 8171),153.671232403457
"724","MEL","1263","ETS",2024 Aug,N(238, 19776),237.626240686585
"725","MEL","1263","ETS",2024 Sep,N(573, 116225),572.605951264574
"726","MEL","1263","ETS",2024 Oct,N(587, 123483),586.699258757203
"727","MEL","1263","ARIMA",2024 May,N(297, 112671),296.598818029993
"728","MEL","1263","ARIMA",2024 Jun,N(265, 118655),264.598818029993
"729","MEL","1263","ARIMA",2024 Jul,N(269, 124640),268.598818029993
"730","MEL","1263","ARIMA",2024 Aug,N(416, 130624),415.598818029993
"731","MEL","1263","ARIMA",2024 Sep,N(804, 136609),803.598818029993
"732","MEL","1263","ARIMA",2024 Oct,N(799, 142594),798.598818029993
"733","MEL","1264","ETS",2024 May,N(154, 4372),154.189978852781
"734","MEL","1264","ETS",2024 Jun,N(112, 2365),112.491108671373
"735","MEL","1264","ETS",2024 Jul,N(138, 3643),138.498380979969
"736","MEL","1264","ETS",2024 Aug,N(252, 12282),252.282834959987
"737","MEL","1264","ETS",2024 Sep,N(399, 31267),399.390422134981
"738","MEL","1264","ETS",2024 Oct,N(451, 40454),450.802482604312
"739","MEL","1264","ARIMA",2024 May,N(132, 45230),131.565328371808
"740","MEL","1264","ARIMA",2024 Jun,N(100, 45230),99.7066604647597
"741","MEL","1264","ARIMA",2024 Jul,N(91, 45230),91.199118139939
"742","MEL","1264","ARIMA",2024 Aug,N(262, 45230),262.46043162717
"743","MEL","1264","ARIMA",2024 Sep,N(344, 45230),343.758180462715
"744","MEL","1264","ARIMA",2024 Oct,N(398, 45230),398.233696739526
"745","MEL","1271","ETS",2024 May,N(5141, 4555077),5141.10280373327
"746","MEL","1271","ETS",2024 Jun,N(5258, 4555077),5258.46418676898
"747","MEL","1271","ETS",2024 Jul,N(5376, 4555078),5375.82556980468
"748","MEL","1271","ETS",2024 Aug,N(5493, 4555079),5493.18695284039
"749","MEL","1271","ETS",2024 Sep,N(5611, 4555080),5610.54833587609
"750","MEL","1271","ETS",2024 Oct,N(5728, 4555081),5727.90971891179
"751","MEL","1271","ARIMA",2024 May,N(3997, 5070962),3996.83912188535
"752","MEL","1271","ARIMA",2024 Jun,N(3997, 5327507),3996.83912188535
"753","MEL","1271","ARIMA",2024 Jul,N(3997, 5584052),3996.83912188535
"754","MEL","1271","ARIMA",2024 Aug,N(3997, 5840596),3996.83912188535
"755","MEL","1271","ARIMA",2024 Sep,N(3997, 6097141),3996.83912188535
"756","MEL","1271","ARIMA",2024 Oct,N(3997, 6353686),3996.83912188535
"757","MEL","1272","ETS",2024 May,N(588, 117740),588.206425259184
"758","MEL","1272","ETS",2024 Jun,N(588, 148458),588.206425259184
"759","MEL","1272","ETS",2024 Jul,N(588, 179176),588.206425259184
"760","MEL","1272","ETS",2024 Aug,N(588, 209894),588.206425259184
"761","MEL","1272","ETS",2024 Sep,N(588, 240612),588.206425259184
"762","MEL","1272","ETS",2024 Oct,N(588, 271329),588.206425259184
"763","MEL","1272","ARIMA",2024 May,N(579, 117770),578.955132231263
"764","MEL","1272","ARIMA",2024 Jun,N(579, 150689),578.955132231263
"765","MEL","1272","ARIMA",2024 Jul,N(579, 183608),578.955132231263
"766","MEL","1272","ARIMA",2024 Aug,N(579, 216527),578.955132231263
"767","MEL","1272","ARIMA",2024 Sep,N(579, 249445),578.955132231263
"768","MEL","1272","ARIMA",2024 Oct,N(579, 282364),578.955132231263
"769","MEL","1273","ETS",2024 May,N(370, 153152),370.300197012432
"770","MEL","1273","ETS",2024 Jun,N(370, 276442),370.300197012432
"771","MEL","1273","ETS",2024 Jul,N(370, 4e+05),370.300197012432
"772","MEL","1273","ETS",2024 Aug,N(370, 523021),370.300197012432
"773","MEL","1273","ETS",2024 Sep,N(370, 646311),370.300197012432
"774","MEL","1273","ETS",2024 Oct,N(370, 769601),370.300197012432
"775","MEL","1273","ARIMA",2024 May,N(336, 150916),336
"776","MEL","1273","ARIMA",2024 Jun,N(336, 3e+05),336
"777","MEL","1273","ARIMA",2024 Jul,N(336, 452747),336
"778","MEL","1273","ARIMA",2024 Aug,N(336, 6e+05),336
"779","MEL","1273","ARIMA",2024 Sep,N(336, 754578),336
"780","MEL","1273","ARIMA",2024 Oct,N(336, 905493),336
"781","MEL","1274","ETS",2024 May,N(380, 55843),380.071450718148
"782","MEL","1274","ETS",2024 Jun,N(380, 59327),380.071450718148
"783","MEL","1274","ETS",2024 Jul,N(380, 62810),380.071450718148
"784","MEL","1274","ETS",2024 Aug,N(380, 66294),380.071450718148
"785","MEL","1274","ETS",2024 Sep,N(380, 69777),380.071450718148
"786","MEL","1274","ETS",2024 Oct,N(380, 73261),380.071450718148
"787","MEL","1274","ARIMA",2024 May,N(377, 55878),376.512183154015
"788","MEL","1274","ARIMA",2024 Jun,N(377, 59823),376.512183154015
"789","MEL","1274","ARIMA",2024 Jul,N(377, 63768),376.512183154015
"790","MEL","1274","ARIMA",2024 Aug,N(377, 67713),376.512183154015
"791","MEL","1274","ARIMA",2024 Sep,N(377, 71658),376.512183154015
"792","MEL","1274","ARIMA",2024 Oct,N(377, 75603),376.512183154015
"793","PER","1234","ETS",2024 May,N(1982, 1159657),1981.52719471632
"794","PER","1234","ETS",2024 Jun,N(1982, 1159657),1981.52719471632
"795","PER","1234","ETS",2024 Jul,N(1982, 1159657),1981.52719471632
"796","PER","1234","ETS",2024 Aug,N(1982, 1159657),1981.52719471632
"797","PER","1234","ETS",2024 Sep,N(1982, 1159657),1981.52719471632
"798","PER","1234","ETS",2024 Oct,N(1982, 1159657),1981.52719471632
"799","PER","1234","ARIMA",2024 May,N(1981, 1131932),1980.60465116279
"800","PER","1234","ARIMA",2024 Jun,N(1981, 1131932),1980.60465116279
"801","PER","1234","ARIMA",2024 Jul,N(1981, 1131932),1980.60465116279
"802","PER","1234","ARIMA",2024 Aug,N(1981, 1131932),1980.60465116279
"803","PER","1234","ARIMA",2024 Sep,N(1981, 1131932),1980.60465116279
"804","PER","1234","ARIMA",2024 Oct,N(1981, 1131932),1980.60465116279
"805","PER","1235","ETS",2024 May,N(217, 17667),217.165010798543
"806","PER","1235","ETS",2024 Jun,N(217, 18431),217.165010798543
"807","PER","1235","ETS",2024 Jul,N(217, 19195),217.165010798543
"808","PER","1235","ETS",2024 Aug,N(217, 19959),217.165010798543
"809","PER","1235","ETS",2024 Sep,N(217, 20723),217.165010798543
"810","PER","1235","ETS",2024 Oct,N(217, 21487),217.165010798543
"811","PER","1235","ARIMA",2024 May,N(196, 17078),195.51896288516
"812","PER","1235","ARIMA",2024 Jun,N(224, 17122),223.759399000844
"813","PER","1235","ARIMA",2024 Jul,N(215, 19032),215.318316468752
"814","PER","1235","ARIMA",2024 Aug,N(218, 20096),217.841360872943
"815","PER","1235","ARIMA",2024 Sep,N(217, 21387),217.087221455242
"816","PER","1235","ARIMA",2024 Oct,N(217, 22608),217.31263415919
"817","PER","1236","ETS",2024 May,N(338, 34772),337.604837988252
"818","PER","1236","ETS",2024 Jun,N(338, 36483),337.604837988252
"819","PER","1236","ETS",2024 Jul,N(338, 38194),337.604837988252
"820","PER","1236","ETS",2024 Aug,N(338, 39904),337.604837988252
"821","PER","1236","ETS",2024 Sep,N(338, 41615),337.604837988252
"822","PER","1236","ETS",2024 Oct,N(338, 43326),337.604837988252
"823","PER","1236","ARIMA",2024 May,N(354, 30754),353.812118576812
"824","PER","1236","ARIMA",2024 Jun,N(307, 32228),306.524564422454
"825","PER","1236","ARIMA",2024 Jul,N(294, 33701),293.664391365082
"826","PER","1236","ARIMA",2024 Aug,N(349, 35175),348.615879215775
"827","PER","1236","ARIMA",2024 Sep,N(330, 36649),329.601020588769
"828","PER","1236","ARIMA",2024 Oct,N(371, 38106),371.214934521454
"829","PER","1238","ETS",2024 May,N(2741, 1912902),2741.04342595418
"830","PER","1238","ETS",2024 Jun,N(2741, 1912902),2741.04342595418
"831","PER","1238","ETS",2024 Jul,N(2741, 1912902),2741.04342595418
"832","PER","1238","ETS",2024 Aug,N(2741, 1912902),2741.04342595418
"833","PER","1238","ETS",2024 Sep,N(2741, 1912902),2741.04342595418
"834","PER","1238","ETS",2024 Oct,N(2741, 1912902),2741.04342595418
"835","PER","1238","ARIMA",2024 May,N(2741, 1867169),2741.39534883721
"836","PER","1238","ARIMA",2024 Jun,N(2741, 1867169),2741.39534883721
"837","PER","1238","ARIMA",2024 Jul,N(2741, 1867169),2741.39534883721
"838","PER","1238","ARIMA",2024 Aug,N(2741, 1867169),2741.39534883721
"839","PER","1238","ARIMA",2024 Sep,N(2741, 1867169),2741.39534883721
"840","PER","1238","ARIMA",2024 Oct,N(2741, 1867169),2741.39534883721
"841","PER","1239","ETS",2024 May,N(499, 21927),499.104819739549
"842","PER","1239","ETS",2024 Jun,N(511, 21990),511.302539971189
"843","PER","1239","ETS",2024 Jul,N(524, 22053),523.500260202829
"844","PER","1239","ETS",2024 Aug,N(536, 22116),535.697980434469
"845","PER","1239","ETS",2024 Sep,N(548, 22179),547.895700666109
"846","PER","1239","ETS",2024 Oct,N(560, 22243),560.093420897749
"847","PER","1239","ARIMA",2024 May,N(474, 24300),473.530011446549
"848","PER","1239","ARIMA",2024 Jun,N(474, 26340),473.530011446549
"849","PER","1239","ARIMA",2024 Jul,N(474, 28381),473.530011446549
"850","PER","1239","ARIMA",2024 Aug,N(474, 30421),473.530011446549
"851","PER","1239","ARIMA",2024 Sep,N(474, 32462),473.530011446549
"852","PER","1239","ARIMA",2024 Oct,N(474, 34502),473.530011446549
"853","PER","1246","ETS",2024 May,N(354, 1e+05),353.834808377891
"854","PER","1246","ETS",2024 Jun,N(354, 107379),353.834808377891
"855","PER","1246","ETS",2024 Jul,N(354, 111569),353.834808377891
"856","PER","1246","ETS",2024 Aug,N(354, 115758),353.834808377891
"857","PER","1246","ETS",2024 Sep,N(354, 119948),353.834808377891
"858","PER","1246","ETS",2024 Oct,N(354, 124138),353.834808377891
"859","PER","1246","ARIMA",2024 May,N(375, 89520),374.733151807297
"860","PER","1246","ARIMA",2024 Jun,N(343, 1e+05),343.39049744511
"861","PER","1246","ARIMA",2024 Jul,N(333, 1e+05),332.626874049314
"862","PER","1246","ARIMA",2024 Aug,N(329, 1e+05),328.930454873461
"863","PER","1246","ARIMA",2024 Sep,N(328, 1e+05),327.661038969431
"864","PER","1246","ARIMA",2024 Oct,N(327, 1e+05),327.225099033849
"865","PER","1247","ETS",2024 May,N(299, 131068),298.679525730503
"866","PER","1247","ETS",2024 Jun,N(299, 131068),298.679525730503
"867","PER","1247","ETS",2024 Jul,N(299, 131068),298.679525730503
"868","PER","1247","ETS",2024 Aug,N(299, 131068),298.679525730503
"869","PER","1247","ETS",2024 Sep,N(299, 131068),298.679525730503
"870","PER","1247","ETS",2024 Oct,N(299, 131068),298.679525730503
"871","PER","1247","ARIMA",2024 May,N(299, 127935),298.720930232558
"872","PER","1247","ARIMA",2024 Jun,N(299, 127935),298.720930232558
"873","PER","1247","ARIMA",2024 Jul,N(299, 127935),298.720930232558
"874","PER","1247","ARIMA",2024 Aug,N(299, 127935),298.720930232558
"875","PER","1247","ARIMA",2024 Sep,N(299, 127935),298.720930232558
"876","PER","1247","ARIMA",2024 Oct,N(299, 127935),298.720930232558
"877","PER","1248","ETS",2024 May,N(165, 32332),165.092354730438
"878","PER","1248","ETS",2024 Jun,N(165, 32332),165.092354730438
"879","PER","1248","ETS",2024 Jul,N(165, 32332),165.092354730438
"880","PER","1248","ETS",2024 Aug,N(165, 32332),165.092354730438
"881","PER","1248","ETS",2024 Sep,N(165, 32332),165.092354730438
"882","PER","1248","ETS",2024 Oct,N(165, 32332),165.092354730438
"883","PER","1248","ARIMA",2024 May,N(197, 28539),197.425905132032
"884","PER","1248","ARIMA",2024 Jun,N(165, 32209),164.818923031873
"885","PER","1248","ARIMA",2024 Jul,N(165, 32209),164.818923031873
"886","PER","1248","ARIMA",2024 Aug,N(165, 32209),164.818923031873
"887","PER","1248","ARIMA",2024 Sep,N(165, 32209),164.818923031873
"888","PER","1248","ARIMA",2024 Oct,N(165, 32209),164.818923031873
"889","PER","1255","ETS",2024 May,N(61, 5086),61.3706321622355
"890","PER","1255","ETS",2024 Jun,N(61, 5086),61.3706321622355
"891","PER","1255","ETS",2024 Jul,N(61, 5086),61.3706321622355
"892","PER","1255","ETS",2024 Aug,N(61, 5086),61.3706321622355
"893","PER","1255","ETS",2024 Sep,N(61, 5086),61.3706321622355
"894","PER","1255","ETS",2024 Oct,N(61, 5086),61.3706321622355
"895","PER","1255","ARIMA",2024 May,N(176, 4023),176
"896","PER","1255","ARIMA",2024 Jun,N(160, 4023),160
"897","PER","1255","ARIMA",2024 Jul,N(160, 4023),160
"898","PER","1255","ARIMA",2024 Aug,N(120, 4023),120
"899","PER","1255","ARIMA",2024 Sep,N(40, 4023),40
"900","PER","1255","ARIMA",2024 Oct,N(8, 4023),8
"901","PER","1256","ETS",2024 May,N(745, 60204),745.113828033871
"902","PER","1256","ETS",2024 Jun,N(1228, 60213),1227.90096940682
"903","PER","1256","ETS",2024 Jul,N(373, 60223),373.241290642195
"904","PER","1256","ETS",2024 Aug,N(172, 60232),171.691843129791
"905","PER","1256","ETS",2024 Sep,N(170, 60242),169.812188809043
"906","PER","1256","ETS",2024 Oct,N(-69, 60251),-69.2921604201339
"907","PER","1256","ARIMA",2024 May,N(820, 75077),820
"908","PER","1256","ARIMA",2024 Jun,N(830, 75077),830
"909","PER","1256","ARIMA",2024 Jul,N(660, 75077),660
"910","PER","1256","ARIMA",2024 Aug,N(420, 75077),420
"911","PER","1256","ARIMA",2024 Sep,N(360, 75077),360
"912","PER","1256","ARIMA",2024 Oct,N(170, 75077),170
"913","PER","1257","ETS",2024 May,N(231, 18747),231.124261932961
"914","PER","1257","ETS",2024 Jun,N(231, 31606),231.124261932961
"915","PER","1257","ETS",2024 Jul,N(231, 44465),231.124261932961
"916","PER","1257","ETS",2024 Aug,N(231, 57324),231.124261932961
"917","PER","1257","ETS",2024 Sep,N(231, 70183),231.124261932961
"918","PER","1257","ETS",2024 Oct,N(231, 83043),231.124261932961
"919","PER","1257","ARIMA",2024 May,N(485, 13443),484.537966498837
"920","PER","1257","ARIMA",2024 Jun,N(373, 15388),373.015257577795
"921","PER","1257","ARIMA",2024 Jul,N(314, 19392),314.357775997272
"922","PER","1257","ARIMA",2024 Aug,N(247, 19392),247.401020669963
"923","PER","1257","ARIMA",2024 Sep,N(254, 19392),254.428149335152
"924","PER","1257","ARIMA",2024 Oct,N(62, 19392),61.51759333447
"925","PER","1258","ETS",2024 May,N(19, 1414),18.6329383187082
"926","PER","1258","ETS",2024 Jun,N(19, 1414),18.6329383187082
"927","PER","1258","ETS",2024 Jul,N(19, 1414),18.6329383187082
"928","PER","1258","ETS",2024 Aug,N(19, 1414),18.6329383187082
"929","PER","1258","ETS",2024 Sep,N(19, 1414),18.6329383187082
"930","PER","1258","ETS",2024 Oct,N(19, 1414),18.6329383187082
"931","PER","1258","ARIMA",2024 May,N(21, 1334),20.7208430630364
"932","PER","1258","ARIMA",2024 Jun,N(19, 1421),18.6353639930116
"933","PER","1258","ARIMA",2024 Jul,N(19, 1421),18.6353639930116
"934","PER","1258","ARIMA",2024 Aug,N(19, 1421),18.6353639930116
"935","PER","1258","ARIMA",2024 Sep,N(19, 1421),18.6353639930116
"936","PER","1258","ARIMA",2024 Oct,N(19, 1421),18.6353639930116
"937","PER","1259","ETS",2024 May,N(116, 13447),115.896785259731
"938","PER","1259","ETS",2024 Jun,N(116, 13447),115.896785259731
"939","PER","1259","ETS",2024 Jul,N(116, 13447),115.896785259731
"940","PER","1259","ETS",2024 Aug,N(116, 13447),115.896785259731
"941","PER","1259","ETS",2024 Sep,N(116, 13447),115.896785259731
"942","PER","1259","ETS",2024 Oct,N(116, 13447),115.896785259731
"943","PER","1259","ARIMA",2024 May,N(155, 12063),155.436174028966
"944","PER","1259","ARIMA",2024 Jun,N(152, 12063),151.68061163875
"945","PER","1259","ARIMA",2024 Jul,N(154, 12063),153.558392833858
"946","PER","1259","ARIMA",2024 Aug,N(137, 12063),136.65836207789
"947","PER","1259","ARIMA",2024 Sep,N(101, 12063),100.980519370847
"948","PER","1259","ARIMA",2024 Oct,N(99, 12063),99.1027381757391
"949","PER","1260","ETS",2024 May,N(14, 449),14.3268302853122
"950","PER","1260","ETS",2024 Jun,N(14, 449),14.3268302853122
"951","PER","1260","ETS",2024 Jul,N(14, 449),14.3268302853122
"952","PER","1260","ETS",2024 Aug,N(14, 449),14.3268302853122
"953","PER","1260","ETS",2024 Sep,N(14, 449),14.3268302853122
"954","PER","1260","ETS",2024 Oct,N(14, 449),14.3268302853122
"955","PER","1260","ARIMA",2024 May,N(17, 417),16.6595253294893
"956","PER","1260","ARIMA",2024 Jun,N(14, 448),14.3993015318131
"957","PER","1260","ARIMA",2024 Jul,N(14, 448),14.3993015318131
"958","PER","1260","ARIMA",2024 Aug,N(14, 448),14.3993015318131
"959","PER","1260","ARIMA",2024 Sep,N(14, 448),14.3993015318131
"960","PER","1260","ARIMA",2024 Oct,N(14, 448),14.3993015318131
"961","PER","1261","ETS",2024 May,N(180, 4234),180.406660384491
"962","PER","1261","ETS",2024 Jun,N(182, 4234),182.466460124169
"963","PER","1261","ETS",2024 Jul,N(185, 4234),184.526259863848
"964","PER","1261","ETS",2024 Aug,N(187, 4234),186.586059603526
"965","PER","1261","ETS",2024 Sep,N(189, 4234),188.645859343204
"966","PER","1261","ETS",2024 Oct,N(191, 4234),190.705659082883
"967","PER","1261","ARIMA",2024 May,N(167, 4703),167.489294133069
"968","PER","1261","ARIMA",2024 Jun,N(167, 4786),167.489294133069
"969","PER","1261","ARIMA",2024 Jul,N(167, 4869),167.489294133069
"970","PER","1261","ARIMA",2024 Aug,N(167, 4952),167.489294133069
"971","PER","1261","ARIMA",2024 Sep,N(167, 5035),167.489294133069
"972","PER","1261","ARIMA",2024 Oct,N(167, 5118),167.489294133069
"973","PER","1262","ETS",2024 May,N(17, 6126),17.4085473963815
"974","PER","1262","ETS",2024 Jun,N(17, 6416),17.4085473963815
"975","PER","1262","ETS",2024 Jul,N(17, 6706),17.4085473963815
"976","PER","1262","ETS",2024 Aug,N(17, 6996),17.4085473963815
"977","PER","1262","ETS",2024 Sep,N(17, 7286),17.4085473963815
"978","PER","1262","ETS",2024 Oct,N(17, 7576),17.4085473963815
"979","PER","1262","ARIMA",2024 May,N(21, 3852),20.5773238525896
"980","PER","1262","ARIMA",2024 Jun,N(0, 5968),0
"981","PER","1262","ARIMA",2024 Jul,N(0, 5968),0
"982","PER","1262","ARIMA",2024 Aug,N(0, 5968),0
"983","PER","1262","ARIMA",2024 Sep,N(0, 5968),0
"984","PER","1262","ARIMA",2024 Oct,N(0, 5968),0
"985","PER","1263","ETS",2024 May,N(190, 6767),190.371967459123
"986","PER","1263","ETS",2024 Jun,N(190, 9267),190.371967459123
"987","PER","1263","ETS",2024 Jul,N(190, 11767),190.371967459123
"988","PER","1263","ETS",2024 Aug,N(190, 14267),190.371967459123
"989","PER","1263","ETS",2024 Sep,N(190, 16767),190.371967459123
"990","PER","1263","ETS",2024 Oct,N(190, 19267),190.371967459123
"991","PER","1263","ARIMA",2024 May,N(183, 5878),182.519471611283
"992","PER","1263","ARIMA",2024 Jun,N(154, 7577),154.29945538751
"993","PER","1263","ARIMA",2024 Jul,N(139, 8069),139.124887978976
"994","PER","1263","ARIMA",2024 Aug,N(131, 8211),130.965165666621
"995","PER","1263","ARIMA",2024 Sep,N(127, 8252),126.577490787844
"996","PER","1263","ARIMA",2024 Oct,N(124, 8264),124.21813465967
"997","PER","1264","ETS",2024 May,N(132, 4901),131.852706261707
"998","PER","1264","ETS",2024 Jun,N(132, 7509),131.852706261707
"999","PER","1264","ETS",2024 Jul,N(132, 10117),131.852706261707
"1000","PER","1264","ETS",2024 Aug,N(132, 12725),131.852706261707
"1001","PER","1264","ETS",2024 Sep,N(132, 15333),131.852706261707
"1002","PER","1264","ETS",2024 Oct,N(132, 17940),131.852706261707
"1003","PER","1264","ARIMA",2024 May,N(124, 4205),124.259914502183
"1004","PER","1264","ARIMA",2024 Jun,N(114, 5597),114.054684462239
"1005","PER","1264","ARIMA",2024 Jul,N(108, 6057),108.183984448929
"1006","PER","1264","ARIMA",2024 Aug,N(105, 6210),104.806782905074
"1007","PER","1264","ARIMA",2024 Sep,N(103, 6260),102.864000912815
"1008","PER","1264","ARIMA",2024 Oct,N(102, 6277),101.746388647029
"1009","PER","1271","ETS",2024 May,N(1314, 1316172),1313.87146072218
"1010","PER","1271","ETS",2024 Jun,N(1314, 1913992),1313.87146072218
"1011","PER","1271","ETS",2024 Jul,N(1314, 2511813),1313.87146072218
"1012","PER","1271","ETS",2024 Aug,N(1314, 3109633),1313.87146072218
"1013","PER","1271","ETS",2024 Sep,N(1314, 3707454),1313.87146072218
"1014","PER","1271","ETS",2024 Oct,N(1314, 4305274),1313.87146072218
"1015","PER","1271","ARIMA",2024 May,N(1492, 1235639),1492.29964210963
"1016","PER","1271","ARIMA",2024 Jun,N(1576, 1744361),1576.16494080697
"1017","PER","1271","ARIMA",2024 Jul,N(1620, 2e+06),1620.04144753543
"1018","PER","1271","ARIMA",2024 Aug,N(1643, 2155886),1642.99668495299
"1019","PER","1271","ARIMA",2024 Sep,N(1655, 2270645),1655.00636767815
"1020","PER","1271","ARIMA",2024 Oct,N(1661, 2366074),1661.28957340306
"1021","PER","1272","ETS",2024 May,N(312, 39284),312.075138924365
"1022","PER","1272","ETS",2024 Jun,N(312, 62489),312.075138924365
"1023","PER","1272","ETS",2024 Jul,N(312, 85695),312.075138924365
"1024","PER","1272","ETS",2024 Aug,N(312, 108901),312.075138924365
"1025","PER","1272","ETS",2024 Sep,N(312, 132106),312.075138924365
"1026","PER","1272","ETS",2024 Oct,N(312, 155312),312.075138924365
"1027","PER","1272","ARIMA",2024 May,N(319, 36609),318.89166078669
"1028","PER","1272","ARIMA",2024 Jun,N(323, 54546),322.926861453509
"1029","PER","1272","ARIMA",2024 Jul,N(325, 64610),325.289549479731
"1030","PER","1272","ARIMA",2024 Aug,N(327, 71113),326.672949010553
"1031","PER","1272","ARIMA",2024 Sep,N(327, 75889),327.482956189089
"1032","PER","1272","ARIMA",2024 Oct,N(328, 79779),327.95723105666
"1033","PER","1273","ETS",2024 May,N(293, 112969),293.432313007695
"1034","PER","1273","ETS",2024 Jun,N(293, 134034),293.432313007695
"1035","PER","1273","ETS",2024 Jul,N(293, 155099),293.432313007695
"1036","PER","1273","ETS",2024 Aug,N(293, 176165),293.432313007695
"1037","PER","1273","ETS",2024 Sep,N(293, 2e+05),293.432313007695
"1038","PER","1273","ETS",2024 Oct,N(293, 218296),293.432313007695
"1039","PER","1273","ARIMA",2024 May,N(292, 113006),292.220168402843
"1040","PER","1273","ARIMA",2024 Jun,N(292, 135828),292.220168402843
"1041","PER","1273","ARIMA",2024 Jul,N(292, 158650),292.220168402843
"1042","PER","1273","ARIMA",2024 Aug,N(292, 181472),292.220168402843
"1043","PER","1273","ARIMA",2024 Sep,N(292, 2e+05),292.220168402843
"1044","PER","1273","ARIMA",2024 Oct,N(292, 227116),292.220168402843
"1045","PER","1274","ETS",2024 May,N(158, 12089),157.880091938866
"1046","PER","1274","ETS",2024 Jun,N(158, 20587),157.880091938866
"1047","PER","1274","ETS",2024 Jul,N(158, 29085),157.880091938866
"1048","PER","1274","ETS",2024 Aug,N(158, 37583),157.880091938866
"1049","PER","1274","ETS",2024 Sep,N(158, 46081),157.880091938866
"1050","PER","1274","ETS",2024 Oct,N(158, 54580),157.880091938866
"1051","PER","1274","ARIMA",2024 May,N(162, 11984),162
"1052","PER","1274","ARIMA",2024 Jun,N(162, 23967),162
"1053","PER","1274","ARIMA",2024 Jul,N(162, 35951),162
"1054","PER","1274","ARIMA",2024 Aug,N(162, 47935),162
"1055","PER","1274","ARIMA",2024 Sep,N(162, 59919),162
"1056","PER","1274","ARIMA",2024 Oct,N(162, 71902),162
"1057","SYD","1234","ETS",2024 May,N(4769, 4145654),4768.57213727336
"1058","SYD","1234","ETS",2024 Jun,N(4769, 4145654),4768.57213727336
"1059","SYD","1234","ETS",2024 Jul,N(4769, 4145654),4768.57213727336
"1060","SYD","1234","ETS",2024 Aug,N(4769, 4145654),4768.57213727336
"1061","SYD","1234","ETS",2024 Sep,N(4769, 4145654),4768.57213727336
"1062","SYD","1234","ETS",2024 Oct,N(4769, 4145654),4768.57213727336
"1063","SYD","1234","ARIMA",2024 May,N(4767, 4e+06),4766.51162790698
"1064","SYD","1234","ARIMA",2024 Jun,N(4767, 4e+06),4766.51162790698
"1065","SYD","1234","ARIMA",2024 Jul,N(4767, 4e+06),4766.51162790698
"1066","SYD","1234","ARIMA",2024 Aug,N(4767, 4e+06),4766.51162790698
"1067","SYD","1234","ARIMA",2024 Sep,N(4767, 4e+06),4766.51162790698
"1068","SYD","1234","ARIMA",2024 Oct,N(4767, 4e+06),4766.51162790698
"1069","SYD","1235","ETS",2024 May,N(378, 38252),377.824807533801
"1070","SYD","1235","ETS",2024 Jun,N(361, 34963),361.216359063484
"1071","SYD","1235","ETS",2024 Jul,N(345, 31822),344.607910593167
"1072","SYD","1235","ETS",2024 Aug,N(328, 28829),327.99946212285
"1073","SYD","1235","ETS",2024 Sep,N(311, 25984),311.391013652532
"1074","SYD","1235","ETS",2024 Oct,N(295, 23287),294.782565182215
"1075","SYD","1235","ARIMA",2024 May,N(529, 146107),528.922549345625
"1076","SYD","1235","ARIMA",2024 Jun,N(529, 158320),528.922549345625
"1077","SYD","1235","ARIMA",2024 Jul,N(529, 170533),528.922549345625
"1078","SYD","1235","ARIMA",2024 Aug,N(529, 182746),528.922549345625
"1079","SYD","1235","ARIMA",2024 Sep,N(529, 194959),528.922549345625
"1080","SYD","1235","ARIMA",2024 Oct,N(529, 207172),528.922549345625
"1081","SYD","1236","ETS",2024 May,N(1074, 207487),1074.30150424186
"1082","SYD","1236","ETS",2024 Jun,N(1074, 255673),1074.30150424186
"1083","SYD","1236","ETS",2024 Jul,N(1074, 305564),1074.30150424186
"1084","SYD","1236","ETS",2024 Aug,N(1074, 357221),1074.30150424186
"1085","SYD","1236","ETS",2024 Sep,N(1074, 410706),1074.30150424186
"1086","SYD","1236","ETS",2024 Oct,N(1074, 466084),1074.30150424186
"1087","SYD","1236","ARIMA",2024 May,N(1087, 541403),1087.00876414051
"1088","SYD","1236","ARIMA",2024 Jun,N(1087, 620085),1087.00876414051
"1089","SYD","1236","ARIMA",2024 Jul,N(1087, 7e+05),1087.00876414051
"1090","SYD","1236","ARIMA",2024 Aug,N(1087, 777450),1087.00876414051
"1091","SYD","1236","ARIMA",2024 Sep,N(1087, 856133),1087.00876414051
"1092","SYD","1236","ARIMA",2024 Oct,N(1087, 934815),1087.00876414051
"1093","SYD","1238","ETS",2024 May,N(3454, 4420442),3453.99442926386
"1094","SYD","1238","ETS",2024 Jun,N(3454, 6499871),3453.99442926386
"1095","SYD","1238","ETS",2024 Jul,N(3454, 8843758),3453.99442926386
"1096","SYD","1238","ETS",2024 Aug,N(3454, 1.1e+07),3453.99442926386
"1097","SYD","1238","ETS",2024 Sep,N(3454, 1.4e+07),3453.99442926386
"1098","SYD","1238","ETS",2024 Oct,N(3454, 1.8e+07),3453.99442926386
"1099","SYD","1238","ARIMA",2024 May,N(4937, 1e+07),4937.00173364428
"1100","SYD","1238","ARIMA",2024 Jun,N(5638, 1.1e+07),5638.1043128716
"1101","SYD","1238","ARIMA",2024 Jul,N(5638, 1.1e+07),5638.1043128716
"1102","SYD","1238","ARIMA",2024 Aug,N(5638, 1.1e+07),5638.1043128716
"1103","SYD","1238","ARIMA",2024 Sep,N(5638, 1.1e+07),5638.1043128716
"1104","SYD","1238","ARIMA",2024 Oct,N(5638, 1.1e+07),5638.1043128716
"1105","SYD","1239","ETS",2024 May,N(1025, 178708),1024.78973169135
"1106","SYD","1239","ETS",2024 Jun,N(1025, 188758),1024.78973169135
"1107","SYD","1239","ETS",2024 Jul,N(1025, 2e+05),1024.78973169135
"1108","SYD","1239","ETS",2024 Aug,N(1025, 208857),1024.78973169135
"1109","SYD","1239","ETS",2024 Sep,N(1025, 218906),1024.78973169135
"1110","SYD","1239","ETS",2024 Oct,N(1025, 228955),1024.78973169135
"1111","SYD","1239","ARIMA",2024 May,N(1035, 178809),1035.4887460087
"1112","SYD","1239","ARIMA",2024 Jun,N(1035, 190079),1035.4887460087
"1113","SYD","1239","ARIMA",2024 Jul,N(1035, 2e+05),1035.4887460087
"1114","SYD","1239","ARIMA",2024 Aug,N(1035, 212618),1035.4887460087
"1115","SYD","1239","ARIMA",2024 Sep,N(1035, 223888),1035.4887460087
"1116","SYD","1239","ARIMA",2024 Oct,N(1035, 235158),1035.4887460087
"1117","SYD","1246","ETS",2024 May,N(294, 188796),293.563140300036
"1118","SYD","1246","ETS",2024 Jun,N(294, 287370),293.563140300036
"1119","SYD","1246","ETS",2024 Jul,N(294, 385944),293.563140300036
"1120","SYD","1246","ETS",2024 Aug,N(294, 484519),293.563140300036
"1121","SYD","1246","ETS",2024 Sep,N(294, 583093),293.563140300036
"1122","SYD","1246","ETS",2024 Oct,N(294, 681667),293.563140300036
"1123","SYD","1246","ARIMA",2024 May,N(294, 159255),293.617015923941
"1124","SYD","1246","ARIMA",2024 Jun,N(362, 205994),361.669815965744
"1125","SYD","1246","ARIMA",2024 Jul,N(399, 219712),398.537302105789
"1126","SYD","1246","ARIMA",2024 Aug,N(419, 223738),418.510198642764
"1127","SYD","1246","ARIMA",2024 Sep,N(429, 224920),429.33048062677
"1128","SYD","1246","ARIMA",2024 Oct,N(435, 225266),435.192349584869
"1129","SYD","1247","ETS",2024 May,N(515, 73082),514.894077461845
"1130","SYD","1247","ETS",2024 Jun,N(516, 73082),515.669851849441
"1131","SYD","1247","ETS",2024 Jul,N(516, 73082),516.369354661235
"1132","SYD","1247","ETS",2024 Aug,N(517, 73082),517.000084666672
"1133","SYD","1247","ETS",2024 Sep,N(518, 73082),517.568803380954
"1134","SYD","1247","ETS",2024 Oct,N(518, 73082),518.081607549435
"1135","SYD","1247","ARIMA",2024 May,N(380, 70189),379.702074208305
"1136","SYD","1247","ARIMA",2024 Jun,N(440, 70189),440.447404269478
"1137","SYD","1247","ARIMA",2024 Jul,N(443, 70189),443.374993816364
"1138","SYD","1247","ARIMA",2024 Aug,N(441, 70189),440.514769636451
"1139","SYD","1247","ARIMA",2024 Sep,N(271, 70189),271.398423489661
"1140","SYD","1247","ARIMA",2024 Oct,N(178, 69417),178.377098088666
"1141","SYD","1248","ETS",2024 May,N(199, 26001),199.252802005031
"1142","SYD","1248","ETS",2024 Jun,N(199, 26490),199.252802005031
"1143","SYD","1248","ETS",2024 Jul,N(199, 26978),199.252802005031
"1144","SYD","1248","ETS",2024 Aug,N(199, 27467),199.252802005031
"1145","SYD","1248","ETS",2024 Sep,N(199, 27955),199.252802005031
"1146","SYD","1248","ETS",2024 Oct,N(199, 28444),199.252802005031
"1147","SYD","1248","ARIMA",2024 May,N(190, 20672),190.213714485136
"1148","SYD","1248","ARIMA",2024 Jun,N(184, 23073),184.232700419358
"1149","SYD","1248","ARIMA",2024 Jul,N(229, 23073),229.269229907178
"1150","SYD","1248","ARIMA",2024 Aug,N(182, 23073),182.154091366074
"1151","SYD","1248","ARIMA",2024 Sep,N(181, 23073),180.768351997218
"1152","SYD","1248","ARIMA",2024 Oct,N(160, 23073),159.982261464378
"1153","SYD","1255","ETS",2024 May,N(324, 14993),323.76133809791
"1154","SYD","1255","ETS",2024 Jun,N(469, 14993),468.96163762039
"1155","SYD","1255","ETS",2024 Jul,N(258, 14993),257.875203371216
"1156","SYD","1255","ETS",2024 Aug,N(272, 14993),272.454601818948
"1157","SYD","1255","ETS",2024 Sep,N(111, 14993),110.73861871548
"1158","SYD","1255","ETS",2024 Oct,N(17, 14993),17.3313755317574
"1159","SYD","1255","ARIMA",2024 May,N(365, 16692),364.976450000172
"1160","SYD","1255","ARIMA",2024 Jun,N(397, 17939),396.85589682899
"1161","SYD","1255","ARIMA",2024 Jul,N(320, 18033),320.48529123645
"1162","SYD","1255","ARIMA",2024 Aug,N(141, 18040),140.96089583301
"1163","SYD","1255","ARIMA",2024 Sep,N(60, 18040),59.7372980625108
"1164","SYD","1255","ARIMA",2024 Oct,N(32, 18040),32.0718208005382
"1165","SYD","1256","ETS",2024 May,N(1545, 211629),1544.74631701935
"1166","SYD","1256","ETS",2024 Jun,N(1873, 211629),1872.80492576899
"1167","SYD","1256","ETS",2024 Jul,N(834, 211629),833.802011940797
"1168","SYD","1256","ETS",2024 Aug,N(394, 211629),393.700221345084
"1169","SYD","1256","ETS",2024 Sep,N(685, 211629),685.272068969069
"1170","SYD","1256","ETS",2024 Oct,N(247, 211629),246.722011604807
"1171","SYD","1256","ARIMA",2024 May,N(1395, 326052),1395
"1172","SYD","1256","ARIMA",2024 Jun,N(1240, 326052),1240
"1173","SYD","1256","ARIMA",2024 Jul,N(810, 326052),810
"1174","SYD","1256","ARIMA",2024 Aug,N(680, 326052),680
"1175","SYD","1256","ARIMA",2024 Sep,N(640, 326052),640
"1176","SYD","1256","ARIMA",2024 Oct,N(390, 326052),390
"1177","SYD","1257","ETS",2024 May,N(484, 17953),483.784282310661
"1178","SYD","1257","ETS",2024 Jun,N(700, 17953),700.007080359276
"1179","SYD","1257","ETS",2024 Jul,N(296, 17953),296.389402320191
"1180","SYD","1257","ETS",2024 Aug,N(208, 17954),207.646740579953
"1181","SYD","1257","ETS",2024 Sep,N(315, 17954),314.62659209959
"1182","SYD","1257","ETS",2024 Oct,N(86, 17954),86.4212044379785
"1183","SYD","1257","ARIMA",2024 May,N(372, 21558),372
"1184","SYD","1257","ARIMA",2024 Jun,N(534, 21558),534
"1185","SYD","1257","ARIMA",2024 Jul,N(270, 21558),270
"1186","SYD","1257","ARIMA",2024 Aug,N(336, 21558),336
"1187","SYD","1257","ARIMA",2024 Sep,N(180, 21558),180
"1188","SYD","1257","ARIMA",2024 Oct,N(66, 21558),66
"1189","SYD","1258","ETS",2024 May,N(10, 434),10.2551814656286
"1190","SYD","1258","ETS",2024 Jun,N(10, 434),10.2551814656286
"1191","SYD","1258","ETS",2024 Jul,N(10, 434),10.2551814656286
"1192","SYD","1258","ETS",2024 Aug,N(10, 434),10.2551814656286
"1193","SYD","1258","ETS",2024 Sep,N(10, 434),10.2551814656286
"1194","SYD","1258","ETS",2024 Oct,N(10, 434),10.2551814656286
"1195","SYD","1258","ARIMA",2024 May,N(21, 402),21.3645619864194
"1196","SYD","1258","ARIMA",2024 Jun,N(17, 402),17.2117298500952
"1197","SYD","1258","ARIMA",2024 Jul,N(8.4, 402),8.38696156040634
"1198","SYD","1258","ARIMA",2024 Aug,N(7.6, 402),7.60830553484556
"1199","SYD","1258","ARIMA",2024 Sep,N(7.6, 402),7.60830553484556
"1200","SYD","1258","ARIMA",2024 Oct,N(8.4, 402),8.38696156040634
"1201","SYD","1259","ETS",2024 May,N(197, 46749),196.550629567303
"1202","SYD","1259","ETS",2024 Jun,N(197, 46749),196.550629567303
"1203","SYD","1259","ETS",2024 Jul,N(197, 46749),196.550629567303
"1204","SYD","1259","ETS",2024 Aug,N(197, 46749),196.550629567303
"1205","SYD","1259","ETS",2024 Sep,N(197, 46749),196.550629567303
"1206","SYD","1259","ETS",2024 Oct,N(197, 46749),196.550629567303
"1207","SYD","1259","ARIMA",2024 May,N(211, 44205),211.338819911988
"1208","SYD","1259","ARIMA",2024 Jun,N(199, 46550),199.209734025852
"1209","SYD","1259","ARIMA",2024 Jul,N(196, 46675),196.416125447628
"1210","SYD","1259","ARIMA",2024 Aug,N(196, 46681),195.772692878876
"1211","SYD","1259","ARIMA",2024 Sep,N(196, 46682),195.624495499416
"1212","SYD","1259","ARIMA",2024 Oct,N(196, 46682),195.590362220584
"1213","SYD","1260","ETS",2024 May,N(13, 645),12.9679349701391
"1214","SYD","1260","ETS",2024 Jun,N(13, 645),12.9679349701391
"1215","SYD","1260","ETS",2024 Jul,N(13, 645),12.9679349701391
"1216","SYD","1260","ETS",2024 Aug,N(13, 645),12.9679349701391
"1217","SYD","1260","ETS",2024 Sep,N(13, 645),12.9679349701391
"1218","SYD","1260","ETS",2024 Oct,N(13, 645),12.9679349701391
"1219","SYD","1260","ARIMA",2024 May,N(13, 630),12.9767441860635
"1220","SYD","1260","ARIMA",2024 Jun,N(13, 630),12.9767441860635
"1221","SYD","1260","ARIMA",2024 Jul,N(13, 630),12.9767441860635
"1222","SYD","1260","ARIMA",2024 Aug,N(13, 630),12.9767441860635
"1223","SYD","1260","ARIMA",2024 Sep,N(13, 630),12.9767441860635
"1224","SYD","1260","ARIMA",2024 Oct,N(13, 630),12.9767441860635
"1225","SYD","1261","ETS",2024 May,N(822, 124392),821.700447848266
"1226","SYD","1261","ETS",2024 Jun,N(822, 124392),821.700447848266
"1227","SYD","1261","ETS",2024 Jul,N(822, 124392),821.700447848266
"1228","SYD","1261","ETS",2024 Aug,N(822, 124392),821.700447848266
"1229","SYD","1261","ETS",2024 Sep,N(822, 124392),821.700447848266
"1230","SYD","1261","ETS",2024 Oct,N(822, 124392),821.700447848266
"1231","SYD","1261","ARIMA",2024 May,N(850, 114000),850.238317501211
"1232","SYD","1261","ARIMA",2024 Jun,N(810, 114000),810.22397380414
"1233","SYD","1261","ARIMA",2024 Jul,N(795, 114000),795.018523199253
"1234","SYD","1261","ARIMA",2024 Aug,N(892, 114000),891.853234946164
"1235","SYD","1261","ARIMA",2024 Sep,N(959, 114000),959.077332357242
"1236","SYD","1261","ARIMA",2024 Oct,N(877, 114000),877.448071215219
"1237","SYD","1262","ETS",2024 May,N(94, 31672),94.0077119441463
"1238","SYD","1262","ETS",2024 Jun,N(94, 32117),94.0077119441463
"1239","SYD","1262","ETS",2024 Jul,N(94, 32562),94.0077119441463
"1240","SYD","1262","ETS",2024 Aug,N(94, 33007),94.0077119441463
"1241","SYD","1262","ETS",2024 Sep,N(94, 33453),94.0077119441463
"1242","SYD","1262","ETS",2024 Oct,N(94, 33898),94.0077119441463
"1243","SYD","1262","ARIMA",2024 May,N(43, 25285),42.588380655512
"1244","SYD","1262","ARIMA",2024 Jun,N(0, 32811),0
"1245","SYD","1262","ARIMA",2024 Jul,N(0, 32811),0
"1246","SYD","1262","ARIMA",2024 Aug,N(0, 32811),0
"1247","SYD","1262","ARIMA",2024 Sep,N(0, 32811),0
"1248","SYD","1262","ARIMA",2024 Oct,N(0, 32811),0
"1249","SYD","1263","ETS",2024 May,N(119, 3023),118.64020657814
"1250","SYD","1263","ETS",2024 Jun,N(238, 12173),238.064126661848
"1251","SYD","1263","ETS",2024 Jul,N(192, 7882),191.565794464945
"1252","SYD","1263","ETS",2024 Aug,N(343, 25236),342.779844315566
"1253","SYD","1263","ETS",2024 Sep,N(623, 83485),623.457476249311
"1254","SYD","1263","ETS",2024 Oct,N(453, 44045),452.847455553527
"1255","SYD","1263","ARIMA",2024 May,N(55, 42855),55.2924442849257
"1256","SYD","1263","ARIMA",2024 Jun,N(279, 42855),278.917587498287
"1257","SYD","1263","ARIMA",2024 Jul,N(148, 42855),148.458285595546
"1258","SYD","1263","ARIMA",2024 Aug,N(298, 42855),298.419555412828
"1259","SYD","1263","ARIMA",2024 Sep,N(438, 42855),437.672253207841
"1260","SYD","1263","ARIMA",2024 Oct,N(255, 42855),254.910602747621
"1261","SYD","1264","ETS",2024 May,N(289, 35184),288.723213222118
"1262","SYD","1264","ETS",2024 Jun,N(289, 48229),288.723213222118
"1263","SYD","1264","ETS",2024 Jul,N(289, 62710),288.723213222118
"1264","SYD","1264","ETS",2024 Aug,N(289, 78785),288.723213222118
"1265","SYD","1264","ETS",2024 Sep,N(289, 96629),288.723213222118
"1266","SYD","1264","ETS",2024 Oct,N(289, 116436),288.723213222118
"1267","SYD","1264","ARIMA",2024 May,N(311, 49866),311.256488668567
"1268","SYD","1264","ARIMA",2024 Jun,N(291, 64374),290.808216938259
"1269","SYD","1264","ARIMA",2024 Jul,N(272, 64374),272.204415444917
"1270","SYD","1264","ARIMA",2024 Aug,N(383, 64374),383.431398841279
"1271","SYD","1264","ARIMA",2024 Sep,N(434, 64374),433.70124542967
"1272","SYD","1264","ARIMA",2024 Oct,N(468, 64374),467.742243906848
"1273","SYD","1271","ETS",2024 May,N(4867, 5304618),4866.93808384318
"1274","SYD","1271","ETS",2024 Jun,N(4867, 5746924),4866.93808384318
"1275","SYD","1271","ETS",2024 Jul,N(4867, 6189231),4866.93808384318
"1276","SYD","1271","ETS",2024 Aug,N(4867, 6631538),4866.93808384318
"1277","SYD","1271","ETS",2024 Sep,N(4867, 7073844),4866.93808384318
"1278","SYD","1271","ETS",2024 Oct,N(4867, 7516151),4866.93808384318
"1279","SYD","1271","ARIMA",2024 May,N(2928, 4287050),2927.63500256772
"1280","SYD","1271","ARIMA",2024 Jun,N(5323, 6286320),5323.21220950231
"1281","SYD","1271","ARIMA",2024 Jul,N(3019, 6937065),3018.83167777572
"1282","SYD","1271","ARIMA",2024 Aug,N(4159, 1.1e+07),4158.68561323589
"1283","SYD","1271","ARIMA",2024 Sep,N(4347, 1.2e+07),4346.55824421138
"1284","SYD","1271","ARIMA",2024 Oct,N(3357, 1.4e+07),3357.0555062814
"1285","SYD","1272","ETS",2024 May,N(635, 149983),634.645654817157
"1286","SYD","1272","ETS",2024 Jun,N(635, 175958),634.645654817157
"1287","SYD","1272","ETS",2024 Jul,N(635, 2e+05),634.645654817157
"1288","SYD","1272","ETS",2024 Aug,N(635, 227908),634.645654817157
"1289","SYD","1272","ETS",2024 Sep,N(635, 253882),634.645654817157
"1290","SYD","1272","ETS",2024 Oct,N(635, 279857),634.645654817157
"1291","SYD","1272","ARIMA",2024 May,N(627, 150027),627.231913975752
"1292","SYD","1272","ARIMA",2024 Jun,N(627, 177831),627.231913975752
"1293","SYD","1272","ARIMA",2024 Jul,N(627, 205635),627.231913975752
"1294","SYD","1272","ARIMA",2024 Aug,N(627, 233439),627.231913975752
"1295","SYD","1272","ARIMA",2024 Sep,N(627, 261243),627.231913975752
"1296","SYD","1272","ARIMA",2024 Oct,N(627, 289047),627.231913975752
"1297","SYD","1273","ETS",2024 May,N(747, 1e+05),746.808238193296
"1298","SYD","1273","ETS",2024 Jun,N(747, 130262),746.808238193296
"1299","SYD","1273","ETS",2024 Jul,N(747, 156483),746.808238193296
"1300","SYD","1273","ETS",2024 Aug,N(747, 182704),746.808238193296
"1301","SYD","1273","ETS",2024 Sep,N(747, 208926),746.808238193296
"1302","SYD","1273","ETS",2024 Oct,N(747, 235147),746.808238193296
"1303","SYD","1273","ARIMA",2024 May,N(737, 1e+05),737.478673223386
"1304","SYD","1273","ARIMA",2024 Jun,N(737, 131971),737.478673223386
"1305","SYD","1273","ARIMA",2024 Jul,N(737, 159876),737.478673223386
"1306","SYD","1273","ARIMA",2024 Aug,N(737, 187781),737.478673223386
"1307","SYD","1273","ARIMA",2024 Sep,N(737, 215687),737.478673223386
"1308","SYD","1273","ARIMA",2024 Oct,N(737, 243592),737.478673223386
"1309","SYD","1274","ETS",2024 May,N(438, 30629),437.724376555365
"1310","SYD","1274","ETS",2024 Jun,N(438, 34431),437.724376555365
"1311","SYD","1274","ETS",2024 Jul,N(438, 38232),437.724376555365
"1312","SYD","1274","ETS",2024 Aug,N(438, 42034),437.724376555365
"1313","SYD","1274","ETS",2024 Sep,N(438, 45835),437.724376555365
"1314","SYD","1274","ETS",2024 Oct,N(438, 49637),437.724376555365
"1315","SYD","1274","ARIMA",2024 May,N(435, 30639),435.374556543214
"1316","SYD","1274","ARIMA",2024 Jun,N(435, 34707),435.374556543214
"1317","SYD","1274","ARIMA",2024 Jul,N(435, 38776),435.374556543214
"1318","SYD","1274","ARIMA",2024 Aug,N(435, 42844),435.374556543214
"1319","SYD","1274","ARIMA",2024 Sep,N(435, 46912),435.374556543214
"1320","SYD","1274","ARIMA",2024 Oct,N(435, 50981),435.374556543214
